rule_id	best_api_location	summary	locations_total	other_copies_by_area	agreement	conflict_quotes	proposed_single_home	other_copies_become	statically_checkable	checker_owner	flag
BA-best-definition	.agents/rules/best-api.mdc:11-20	"best" = smallest truthful surface improving a current job; current code/compat/plans are evidence not requirements; breaking is valid	11	plate-next: .agents/rules/plate-next.mdc:10[subset], .agents/rules/plate-next/rules/review-law.md:13-20[same], .agents/rules/plate-next/rules/review-law.md:26-27[subset] | plate-plugins: .agents/rules/plate-plugins/references/package-host.md:17-18[subset] | plate-ui: .agents/rules/plate-ui/rules/ownership.md:34-35[subset] | vision-root: VISION.md:35[same], VISION.md:123[subset] | vision-detail: docs/vision/plate.md:89-90[subset], docs/vision/common.md:25-29[superset], docs/vision/common.md:53-56[same]	agree		docs/vision/common.md:53-56 (already there)	see copies-all.tsv per copy; best-api text deleted	no		
BA-skill-routing	.agents/rules/best-api.mdc:22-39	best-api vs best-api-review vs research audit vs plate-architecture routing	26	best-api-review: .agents/rules/best-api-review.mdc:12[mechanics], .agents/rules/best-api-review.mdc:54[link] | plate-docs: .agents/rules/plate-docs.mdc:23-24[link] | plate-next: .agents/rules/plate-next.mdc:10[link], .agents/rules/plate-next/rules/review-law.md:534-544[link], .agents/rules/plate-next/rules/review-law.md:556-558[link], .agents/rules/plate-next/rules/audit-modes.md:171-172[link] | plate-plugins: .agents/rules/plate-plugins.mdc:14-19[link], .agents/rules/plate-plugins.mdc:39-43[link], .agents/rules/plate-plugins/rules/creation-flow.md:46-47[link], .agents/rules/plate-plugins/references/feature/phases.md:13-15[link], .agents/rules/plate-plugins/references/feature/delivery.md:16-18[link], .agents/rules/plate-plugins/references/feature/delivery.md:34[link] | plate-ui: .agents/rules/plate-ui.mdc:8-16[conflict], .agents/rules/plate-ui.mdc:389-392[link] | vision-root: VISION.md:70[link] | vision-detail: docs/vision/plate.md:981-987[link], docs/vision/plate.md:1005-1008[link], docs/vision/plite.md:538-540[same], docs/vision/plite.md:549-553[subset], docs/vision/common.md:56-58[subset], docs/vision/common.md:164-169[link], docs/vision/common.md:215-219[same], docs/vision/common.md:277-280[link], docs/vision/sync.md:98-99[same]	CONFLICT x1	.agents/rules/plate-ui.mdc:8-16: Routing overlap. best-api.mdc:11 "Own the public call-site decision" vs plate-ui "sole owner of Plate-specific React and component architecture ... Use this skill for the final Plate decision: public component shape, component-family topology, package extracti	best-api.mdc (procedure)	skill copies -> link to best-api procedure	no		UNCLEAR HOME: plate-ui.mdc:8-16 claims 'the final Plate decision: public component shape' while best-api.mdc:11 owns 'the public call-site decision'; plate-ui.mdc:389-392 defers back. Decide which skill rules component shape.
BA-modes	.agents/rules/best-api.mdc:41-56	design/review/audit/repair modes; no goal/plan/panel/ledger for ordinary design	1		no copies		best-api.mdc (procedure)	skill copies -> link to best-api procedure	no		
BA-inputs	.agents/rules/best-api.mdc:58-74	required reads; hard constraints vs incidental structure	6	best-api-review: .agents/rules/best-api-review.mdc:31[mechanics] | vision-root: VISION.md:80[subset] | vision-detail: docs/vision/common.md:17-21[conflict], docs/vision/common.md:15-16[subset], docs/vision/common.md:212-214[subset]	CONFLICT x1	docs/vision/common.md:17-21: soft ordering tension. best-api.mdc:68-71 "Inspect external precedent directly only when a narrow unresolved call-shape question still needs it. Familiarity is a useful prior, never a ceiling" (and :87 "Ignore migration convenience") vs copy "Check prior art f	best-api.mdc (procedure)	skill copies -> link to best-api procedure	no		SOFT CONFLICT: common.md:17-21 'Check prior art first' vs best-api.mdc:68-71 precedent only for a narrow unresolved question.
BA-first-principles	.agents/rules/best-api.mdc:78-96	redesign from first principles; show normal/customization/escape call sites with real imports	6	best-api-review: .agents/rules/best-api-review.mdc:39[same] | agents: AGENTS.md:6[link] | vision-root: VISION.md:22-24[subset] | vision-detail: docs/vision/common.md:8-21[subset], docs/vision/common.md:33-34[same]	agree		best-api.mdc (procedure); law in VISION.md#next-beta + common.md#redesign	skill copies -> link to best-api procedure	no		
BA-import-owner	.agents/rules/best-api.mdc:98-100	resolve the owner/import path of every public noun; short call with wrong owner is bad	4	best-api: .agents/rules/best-api.mdc:1032-1033[same] | plate-docs: .agents/rules/plate-docs/references/api-examples.md:30-31[mechanics], .agents/rules/plate-docs/references/plugin.md:31-32[mechanics]	agree		best-api.mdc (procedure: Two-Pass step) (new text from best-api)	skill copies -> link to best-api procedure	no		
BA-name-collision	.agents/rules/best-api.mdc:102-106	primitive keeps semantic name; composition named after higher owner; no *Content/*Surface rename	3	plate-ui: .agents/rules/plate-ui.mdc:61-65[superset] | vision-detail: docs/vision/plate.md:950-953[same]	agree		docs/vision/plate.md:950-953 (already there)	see copies-all.tsv per copy; best-api text deleted	no		
BA-neutral-identifiers	.agents/rules/best-api.mdc:108-115	no Plate/Plite branding in identifiers; EditorRoot/Editor/EditorProvider; data-editor-* attributes; exact owned attributes	11	best-api: .agents/rules/best-api/rules/authoring-and-inference.md:220-221[subset] | plate-ui: .agents/rules/plate-ui.mdc:61-65[subset], .agents/rules/plate-ui.mdc:113[conflict], .agents/rules/plate-ui.mdc:461-467[subset] | vision-detail: docs/vision/plate.md:33-37[superset], docs/vision/plate.md:41-43[same], docs/vision/plate.md:340-341[conflict], docs/vision/plite.md:191-201[conflict], docs/vision/plite.md:72-74[subset], docs/vision/common.md:106-111[subset]	CONFLICT x3	.agents/rules/plate-ui.mdc:113: Stale component name. best-api.mdc:109 "The React lifecycle owner is EditorRoot" vs plate-ui "`Plate`, `EditorContent`, and `EditorStatic` do not accept ...". Live: packages src defines EditorRoot (export function EditorRoot in 1 file, export const EditorRoot  || docs/vision/plate.md:340-341: "marks owned focus targets with `data-plite-keep-selection-visible`" vs best-api.mdc:112 "Use `data-editor-*` for owned DOM attributes". grep data-plite-keep-selection-visible 0 files / data-editor-keep-selection-visible 3 (packages src; 36 incl. apps). Live:  || docs/vision/plite.md:191-201: best-api.mdc:112 "Use `data-editor-*` for owned DOM attributes" vs copy "`data-plite-keep-selection-visible`", "`data-plite-inactive-selection`", "`data-plite-inactive-selection-caret`". Live packages/**/src: data-plite-keep-selection-visible 0, data-plite-ina	docs/vision/plate.md:41-43	see copies-all.tsv per copy; best-api text deleted	partial	oxlint.config.ts (data-* literal part only)	STALE: plate-ui.mdc:113,155-156,162-163 name a 'Plate' component (0 definitions; EditorRoot in 60 registry files).
BA-hard-cut-gate	.agents/rules/best-api.mdc:117-142	maximum-value hard-cut gate: delete/merge/look one owner up/keep only for hard law; call count/tests/compat not ownership	12	best-api: .agents/rules/best-api/rules/behavior-and-ownership.md:43-60[same], .agents/rules/best-api.mdc:1068-1072[same], .agents/rules/best-api.mdc:1084-1086[subset] | best-api-review: .agents/rules/best-api-review.mdc:52[same] | agents: AGENTS.md:6[subset] | plate-ui: .agents/rules/plate-ui/rules/component-family.md:71-76[subset], .agents/rules/plate-ui/rules/registry.md:22-28[subset] | vision-root: VISION.md:26[same], VISION.md:104[subset] | vision-detail: docs/vision/common.md:124-125[conflict], docs/vision/common.md:22-29[subset]	CONFLICT x1	docs/vision/common.md:124-125: soft. best-api.mdc:137-138 "Call count, implementation size, tests, docs, compatibility ... do not prove independent ownership" vs copy "Prose docs outrank tests for package ownership, API intent, and public teaching surfaces." Relative ranking, but reads as d	best-api.mdc (procedure); law common.md:22-29	skill copies -> link to best-api procedure	no		SOFT CONFLICT: common.md:124-125 'Prose docs outrank tests for package ownership' vs best-api.mdc:137-138 docs do not prove ownership.
BA-package-kit	.agents/rules/best-api.mdc:144-150	package root must not export named plugin-array *Kit; app/registry owns arrays; inseparable => dependencies	11	best-api: .agents/rules/best-api/rules/behavior-and-ownership.md:108-114[same], .agents/rules/best-api/rules/behavior-and-ownership.md:19-20[subset], .agents/rules/best-api.mdc:1046-1048[same], .agents/rules/best-api/rules/behavior-and-ownership.md:163-175[superset] | plate-plugins: .agents/rules/plate-plugins.mdc:64-69[same], .agents/rules/plate-plugins/rules/creation-flow.md:102-106[same], .agents/rules/plate-plugins/references/package-host.md:56-57[subset], .agents/rules/plate-plugins/references/feature/phases.md:59-61[subset] | vision-detail: docs/vision/plate.md:67-69[subset], docs/vision/plate.md:676-679[same]	agree		check: tooling/scripts/check-plate-schema-adoption.mjs (new: package-root export of *Kit array) — not enforced today	see copies-all.tsv per copy; best-api text deleted	yes	tooling/scripts/check-plate-schema-adoption.mjs (new: package-root export of *Kit array) — not enforced today	
BA-root-integration-slot	.agents/rules/best-api.mdc:152-157	React root integration stays on its plugin; one component per slot; compose wrappers in JSX	3	plate-ui: .agents/rules/plate-ui.mdc:139-148[superset] | vision-detail: docs/vision/plate.md:836-847[same]	agree		docs/vision/plate.md:836-847 (already there)	see copies-all.tsv per copy; best-api text deleted	no		
BA-serializer-ownership	.agents/rules/best-api.mdc:159-166	package owns format semantics; app/registry owns visual presets; one caller stylesheet; no hidden theme	2	vision-detail: docs/vision/plate.md:864-868[same]	agree		docs/vision/plate.md:864-868 (already there)	see copies-all.tsv per copy; best-api text deleted	no		
BA-async-converter	.agents/rules/best-api.mdc:168-178	async converter captures one revision before first await; no hidden native payload; no snapshot+live mix	2	vision-detail: docs/vision/plate.md:868-875[superset]	agree		docs/vision/plate.md:868-875 (already fuller)	see copies-all.tsv per copy; best-api text deleted	no		
BA-format-serializer	.agents/rules/best-api.mdc:180-192	serializer consumes complete doc, returns data+diagnostics; authored projection is option; standalone serializer no plugin activation; broad Value	3	best-api: .agents/rules/best-api/rules/authoring-and-inference.md:259-262[same] | vision-detail: docs/vision/plate.md:876-885[same]	agree		docs/vision/plate.md:876-885 (already there)	see copies-all.tsv per copy; best-api text deleted	no		
BA-conversion-verbs	.agents/rules/best-api.mdc:194-200	parse/serialize vs import/export vs encode/decode naming	2	vision-detail: docs/vision/plate.md:886-890[same]	agree		docs/vision/plate.md:886-890 (already there)	see copies-all.tsv per copy; best-api text deleted	no		
BA-versioned-persistence	.agents/rules/best-api.mdc:202-207	versioned persistence declaration owns decode/encode/version; no codec wrapper	1		no copies		docs/vision/plite.md (new text from best-api)	see copies-all.tsv per copy; best-api text deleted	no		
BA-one-shot-conversion	.agents/rules/best-api.mdc:209-214	one-shot file conversion is standalone op, not plugin; clipboard stays on plugin; subpaths exclude sibling converters	4	plate-docs: .agents/rules/plate-docs/references/plugin.md:140-142[subset] | plate-plugins: .agents/rules/plate-plugins/rules/creation-flow.md:58-60[subset] | vision-detail: docs/vision/plate.md:74-76[same]	agree		docs/vision/plate.md:74-76 (already there)	see copies-all.tsv per copy; best-api text deleted	no		
BA-source-artifact	.agents/rules/best-api.mdc:216-224	opt-in opaque source artifact retention for exact source reuse	2	vision-detail: docs/vision/plate.md:77-81[subset]	agree		docs/vision/plate.md:77-81 (expand with best-api text)	see copies-all.tsv per copy; best-api text deleted	no		
BA-verification-helpers	.agents/rules/best-api.mdc:226-229	consolidating verification helpers preserves failure policy; strict error capture on recorder	1		no copies		.agents/rules/verify/references/testing.md (new text)	see copies-all.tsv per copy; best-api text deleted	no		UNCLEAR HOME: test-helper failure policy, not public API; verify's testing reference fits better than Vision.
BA-object-role	.agents/rules/best-api.mdc:231-237	independently meaningful block with editable children = schema object role; no editable void/atomic	2	vision-detail: docs/vision/plite.md:347-352[same]	agree		docs/vision/plite.md:347-352 (already there)	see copies-all.tsv per copy; best-api text deleted	no		
BA-entrypoint-truth	.agents/rules/best-api.mdc:239-248	entrypoints truthful about dependency reachability; optional peers behind subpaths; no `basic` subpath	12	best-api: .agents/rules/best-api.mdc:1049-1051[same] | plate-plugins: .agents/rules/plate-plugins.mdc:280-282[mechanics], .agents/rules/plate-plugins/references/package-host.md:37-45[superset], .agents/rules/plate-plugins/references/package-host.md:49-53[mechanics], .agents/rules/plate-plugins/references/package-host.md:54-57[superset], .agents/rules/plate-plugins/references/feature/manifest.md:59[mechanics], .agents/rules/plate-plugins/references/feature/proof-routing.md:35-48[mechanics] | vision-detail: docs/vision/plate.md:56-58[subset], docs/vision/plate.md:59-63[superset], docs/vision/plate.md:67-70[same], docs/vision/common.md:103-105[subset]	agree		docs/vision/plate.md:67-70 (already there)	see copies-all.tsv per copy; best-api text deleted	partial	tooling/scripts/check-package-build-artifacts.mjs (runtime import boundary) + oxlint.config.ts (root cannot depend on React); `basic` subpath ban -> tooling/scripts/check-workspace-package-manifests.mjs (new)	
BA-dom-omission	.agents/rules/best-api.mdc:250-258	DOM omission is explicit rendering contract on concrete component; no threshold/strategy public API	4	vision-detail: docs/vision/plite.md:151-154[subset], docs/vision/plite.md:504-513[superset], docs/vision/plite.md:514-518[subset]	agree		docs/vision/plite.md:504-513 (already fuller)	see copies-all.tsv per copy; best-api text deleted	no		
BA-live-geometry	.agents/rules/best-api.mdc:260-265	mounted view owns live derived geometry; only committed reads bound to host	4	vision-root: VISION.md:109[subset] | vision-detail: docs/vision/plite.md:151-154[superset], docs/vision/plite.md:514-521[same]	agree		docs/vision/plite.md:514-521 (already there)	see copies-all.tsv per copy; best-api text deleted	no		
BA-public-package-job	.agents/rules/best-api.mdc:267-277	public package needs independent job; no utils/react-utils packages; test package root headless	7	plate-next: .agents/rules/plate-next/rules/review-law.md:349-354[subset] | plate-plugins: .agents/rules/plate-plugins/references/feature/phases.md:24-32[superset], .agents/rules/plate-plugins/references/feature/manifest.md:57[superset], .agents/rules/plate-plugins/references/feature/proof-routing.md:30-33[superset] | vision-detail: docs/vision/plate.md:51-54[superset], docs/vision/plate.md:63-66[same]	agree		docs/vision/plate.md:63-66 (already there)	see copies-all.tsv per copy; best-api text deleted	partial	tooling/scripts/check-workspace-package-manifests.mjs (new: forbid utils/react-utils package names)	
BA-build-time-tooling	.agents/rules/best-api.mdc:279-289	build tooling consumes detached facts; schema fingerprint in JSON contract not TS constant	4	best-api: .agents/rules/best-api/rules/schema-and-identity.md:42-46[same], .agents/rules/best-api/rules/authoring-and-inference.md:292-295[subset] | vision-detail: docs/vision/plate.md:1117-1122[superset]	agree		docs/vision/plate.md:1117-1122 (already fuller)	see copies-all.tsv per copy; best-api text deleted	no		
BA-neutral-substrate	.agents/rules/best-api.mdc:291-293	neutral behavior belongs in substrate even if framework adopted first	12	best-api-review: .agents/rules/best-api-review.mdc:54[same] | plate-next: .agents/rules/plate-next/rules/ownership-and-correction.md:127-132[subset] | plate-plugins: .agents/rules/plate-plugins.mdc:99-101[subset], .agents/rules/plate-plugins/rules/capabilities.md:604-605[subset], .agents/rules/plate-plugins/rules/creation-flow.md:117-119[subset], .agents/rules/plate-plugins/references/plugin-authoring-audit.md:55-58[subset] | vision-root: VISION.md:47[subset] | vision-detail: docs/vision/plate.md:82-85[superset], docs/vision/plate.md:1046-1050[subset], docs/vision/plite.md:47[subset], docs/vision/common.md:99-100[subset]	agree		docs/vision/plate.md:82-85 (already fuller)	see copies-all.tsv per copy; best-api text deleted	no		
BA-dom-scope-hooks	.agents/rules/best-api.mdc:295-298	DOM-scope hooks accept DOM capabilities; identity registries use object keys	2	plate-plugins: .agents/rules/plate-plugins/rules/typing.md:465-486[mechanics]	agree		docs/vision/plite.md (new text from best-api)	see copies-all.tsv per copy; best-api text deleted	no		
BA-dynamic-lowering	.agents/rules/best-api.mdc:300-303	dynamic lowering reuses ordinary constructor; erasure inside private compiler	1		no copies		docs/vision/plate.md (new text from best-api)	see copies-all.tsv per copy; best-api text deleted	no		
BA-feature-veto	.agents/rules/best-api.mdc:305-310	feature policy splits admission from refusal; vetoes on final edge; no canDropNode	2	vision-detail: docs/vision/plite.md:330-334[superset]	agree		docs/vision/plite.md:330-334 (already fuller)	see copies-all.tsv per copy; best-api text deleted	no		
BA-heterogeneous-install	.agents/rules/best-api.mdc:312-315	heterogeneous installation inputs use nominal descriptor reference	1		no copies		docs/vision/plite.md (new text from best-api)	see copies-all.tsv per copy; best-api text deleted	no		
BA-semantic-commands	.agents/rules/best-api.mdc:317-321	semantic commands expose descriptor identity + installed dispatch; default builder in definition	1		no copies		docs/vision/plite.md (new text from best-api)	see copies-all.tsv per copy; best-api text deleted	no		
BA-command-only-policy	.agents/rules/best-api.mdc:323-326	command-only policy in command handler; no transaction methods for handler	2	vision-detail: docs/vision/plite.md:294-298[subset]	agree		docs/vision/plite.md:294-298 (expand with best-api text)	see copies-all.tsv per copy; best-api text deleted	no		
BA-ui-command-binding	.agents/rules/best-api.mdc:328-336	UI commands bind to exact mounted view via provider; private mount registration	3	plate-ui: .agents/rules/plate-ui.mdc:164-166[subset] | vision-detail: docs/vision/plate.md:144-149[same]	agree		docs/vision/plate.md:144-149 (already there)	see copies-all.tsv per copy; best-api text deleted	no		
BA-awaited-vs-mounted	.agents/rules/best-api.mdc:338-346	model service returns Promise; mounted controls return void via private dispatcher	1		no copies		docs/vision/plite.md (new text from best-api)	see copies-all.tsv per copy; best-api text deleted	no		
BA-model-editor	.agents/rules/best-api.mdc:348-352	whole-document controls use useModelEditor(); useEditor() for mounted view	2	vision-detail: docs/vision/plate.md:149-151[same]	agree		docs/vision/plate.md:149-151 (already there)	see copies-all.tsv per copy; best-api text deleted	no		
BA-provider-consumers	.agents/rules/best-api.mdc:354-358	provider consumers get semantic state or DOM ref; keep atom tables/setters private	3	plate-ui: .agents/rules/plate-ui.mdc:160-164[same] | vision-detail: docs/vision/plate.md:825[subset]	agree		docs/vision/plate.md:825 (expand with best-api text)	see copies-all.tsv per copy; best-api text deleted	no		
BA-default-impl-ctor	.agents/rules/best-api.mdc:360-363	default and caller-supplied implementations share one constructor; no parallel advanced factory	1		no copies		docs/vision/common.md#taste (new text from best-api)	see copies-all.tsv per copy; best-api text deleted	no		
BA-facade-exception-set	.agents/rules/best-api.mdc:365-375	facade over lower distribution: one executable exception set; only exact facade leaves import lower dist; dogfood facade	19	plate-docs: .agents/rules/plate-docs.mdc:25-26[subset] | plate-next: .agents/rules/plate-next/rules/audit-modes.md:281-284[subset] | plate-plugins: .agents/rules/plate-plugins.mdc:275-279[subset], .agents/rules/plate-plugins/rules/creation-flow.md:115-117[subset], .agents/rules/plate-plugins/references/package-host.md:24-29[superset], .agents/rules/plate-plugins/references/package-host.md:33-36[superset], .agents/rules/plate-plugins/references/package-host.md:66-111[mechanics], .agents/rules/plate-plugins/references/feature/phases.md:28-29[subset], .agents/rules/plate-plugins/references/feature/manifest.md:58[subset], .agents/rules/plate-plugins/references/feature/proof-routing.md:34[subset], .agents/rules/plate-plugins/references/feature/proof-routing.md:43-44[subset] | plate-ui: .agents/rules/plate-ui.mdc:93-98[same] | vision-root: VISION.md:45-46[superset], VISION.md:135[conflict] | vision-detail: docs/vision/plate.md:44-50[superset], docs/vision/plate.md:55-56[same], docs/vision/plate.md:1041-1042[conflict], docs/vision/common.md:96-98[subset]	CONFLICT x2	VISION.md:135: VISION "Plate can re-export Slate surface where it improves DX" (selective) vs best-api.mdc:365-367 "one executable exception set... Every non-exception export must be present by runtime identity" (plate.md:55-56 agrees with best-api). Soft wording conflict. || docs/vision/plate.md:1041-1042: "Plate can re-export Plite surface where it improves DX" (selective) vs best-api.mdc:365-367 one exception set, every non-exception export present by identity (plate.md:55-56 agrees with best-api). Soft.	docs/vision/plate.md:55-56	see copies-all.tsv per copy; best-api text deleted	partial	oxlint.config.ts plitejsImportPattern (import side, enforced)	SOFT CONFLICT: VISION.md:135 and plate.md:1041-1042 'Plate can re-export Slate/Plite surface where it improves DX' (selective) vs one executable exception set; package-host.md:33-36 lets Plite proof/example surfaces bypass while best-api.mdc:373-374 allows only parity proofs.
BA-reality-check	.agents/rules/best-api.mdc:377-385	reality check pass; prefer staged hard cut over permanent hybrid	3	best-api-review: .agents/rules/best-api-review.mdc:58[mechanics] | vision-detail: docs/vision/common.md:30-31[subset]	agree		best-api.mdc (procedure)	skill copies -> link to best-api procedure	no		
BA-long-term-target	.agents/rules/best-api.mdc:387-411	implementation difficulty never votes; blocked ideal => repair owner; temporary debt with deletion proof	18	best-api: .agents/rules/best-api.mdc:1073-1074[same] | best-api-review: .agents/rules/best-api-review.mdc:54[same], .agents/rules/best-api-review.mdc:72[same] | plate-next: .agents/rules/plate-next/rules/review-law.md:28-30[subset], .agents/rules/plate-next/rules/review-law.md:527-528[subset], .agents/rules/plate-next/rules/ownership-and-correction.md:5-22[mechanics], .agents/rules/plate-next/rules/ownership-and-correction.md:153-155[same], .agents/rules/plate-next/rules/audit-modes.md:128-150[mechanics] | plate-plugins: .agents/rules/plate-plugins.mdc:99-101[subset], .agents/rules/plate-plugins/rules/typing.md:390-412[subset], .agents/rules/plate-plugins/rules/typing.md:536-540[mechanics] | plate-ui: .agents/rules/plate-ui.mdc:244-249[subset], .agents/rules/plate-ui/rules/component-shape.md:146-150[subset] | vision-root: VISION.md:26[subset], VISION.md:89[subset] | vision-detail: docs/vision/common.md:27-29[subset], docs/vision/common.md:232-233[subset]	agree		best-api.mdc (procedure); law VISION.md#next-beta	skill copies -> link to best-api procedure	no		
BA-scale-gate	.agents/rules/best-api.mdc:413-423	hot runtime target provisional until Benchmark pre-acceptance probe	14	best-api: .agents/rules/best-api/rules/behavior-and-ownership.md:29-31[same], .agents/rules/best-api.mdc:1075-1077[same] | best-api-review: .agents/rules/best-api-review.mdc:74[same] | plate-architecture: .agents/rules/plate-architecture.mdc:103[same] | plate-plugins: .agents/rules/plate-plugins.mdc:284-292[mechanics], .agents/rules/plate-plugins/rules/creation-flow.md:286-289[mechanics], .agents/rules/plate-plugins/references/feature/template.md:105-106[mechanics], .agents/rules/plate-plugins/references/feature/template.md:115-117[mechanics], .agents/rules/plate-plugins/references/feature/phases.md:17-20[mechanics], .agents/rules/plate-plugins/references/feature/manifest.md:42-50[mechanics], .agents/rules/plate-plugins/references/feature/delivery.md:66-69[mechanics], .agents/rules/plate-plugins/references/feature/proof-routing.md:11[mechanics] | vision-detail: docs/vision/common.md:36[subset]	agree		best-api.mdc (procedure); probe owned by benchmark	skill copies -> link to best-api procedure	no		
BA-structural-comparison	.agents/rules/best-api.mdc:427	structural comparison is immutable read; publishing is native authored write	2	vision-detail: docs/vision/plite.md:227-233[same]	agree		docs/vision/plite.md:227-233 (already there)	see copies-all.tsv per copy; best-api text deleted	no		
BA-invalidation-queries	.agents/rules/best-api.mdc:429-434	match invalidation queries to consumer dependency; no second change store	2	vision-detail: docs/vision/plite.md:404-408[same]	agree		docs/vision/plite.md:404-408 (already there)	see copies-all.tsv per copy; best-api text deleted	no		
BA-selection-hooks	.agents/rules/best-api.mdc:436-440	useEditorHasSelection/useEditorSelection at React state owner	3	plate-ui: .agents/rules/plate-ui.mdc:166-168[same] | vision-detail: docs/vision/plate.md:832-835[same]	agree		docs/vision/plate.md:832-835 (already there)	see copies-all.tsv per copy; best-api text deleted	no		
BA-app-record-identity	.agents/rules/best-api.mdc:442-448	app record referring to doc entity uses entity identity; no mirrored status	2	vision-detail: docs/vision/plate.md:310-314[same]	agree		docs/vision/plate.md:310-314 (already there)	see copies-all.tsv per copy; best-api text deleted	no		
BA-autocomplete	.agents/rules/best-api.mdc:450-455	autocomplete query is document text; trigger range anchor; one refusable transaction	2	vision-detail: docs/vision/plate.md:374-378[superset]	agree		docs/vision/plate.md:374-378 (already fuller)	see copies-all.tsv per copy; best-api text deleted	no		
BA-async-assets	.agents/rules/best-api.mdc:457-465	async doc-bound assets persist only draft intent; transport after commit; local to node key	2	vision-detail: docs/vision/plate.md:385-393[same]	agree		docs/vision/plate.md:385-393 (already there)	see copies-all.tsv per copy; best-api text deleted	no		
BA-upload	.agents/rules/best-api.mdc:467-478	UploadPlugin/UploadClient/FilePlugin ownership	4	plate-plugins: .agents/rules/plate-plugins.mdc:194-200[subset] | plate-ui: .agents/rules/plate-ui.mdc:211-214[superset] | vision-detail: docs/vision/plate.md:379-384[subset]	agree		docs/vision/plate.md:379-384 (expand with best-api text)	see copies-all.tsv per copy; best-api text deleted	no		
BA-carrier-vs-read	.agents/rules/best-api.mdc:480-485	return domain value not internal carrier	2	vision-detail: docs/vision/plite.md:239-240[subset]	agree		docs/vision/plite.md:239-240 (expand with best-api text)	see copies-all.tsv per copy; best-api text deleted	no		
BA-short-read-name	.agents/rules/best-api.mdc:487-490	high-frequency read gets shortest name; no primary/current/resolved	1		no copies		docs/vision/common.md#taste (new text from best-api)	see copies-all.tsv per copy; best-api text deleted	no		
BA-package-ownership-contract	.agents/rules/best-api.mdc:492-496	choose package ownership by contract before counting consumers; Plate UI extraction test	12	plate-plugins: .agents/rules/plate-plugins.mdc:179-181[subset] | plate-ui: .agents/rules/plate-ui.mdc:40[subset], .agents/rules/plate-ui.mdc:181-184[same], .agents/rules/plate-ui.mdc:219-220[subset], .agents/rules/plate-ui.mdc:222-224[superset], .agents/rules/plate-ui.mdc:471-484[superset], .agents/rules/plate-ui/rules/component-family.md:25-30[subset], .agents/rules/plate-ui/rules/ownership.md:14-26[superset], .agents/rules/plate-ui/rules/ownership.md:28-32[same], .agents/rules/plate-ui/references/component-audit.md:53-56[subset] | vision-detail: docs/vision/plate.md:906-910[same]	agree		docs/vision/plate.md:906-910 (already there)	see copies-all.tsv per copy; best-api text deleted	no		
BA-classification-read	.agents/rules/best-api.mdc:498-501	compiled semantic classification exposed through named read; never spell private group	2	vision-detail: docs/vision/plite.md:251[subset]	agree		docs/vision/plite.md:251 (expand with best-api text)	see copies-all.tsv per copy; best-api text deleted	no		
BA-projection-survival	.agents/rules/best-api.mdc:503-509	keep projection only with distinct job; identity hooks deleted	1		no copies		docs/vision/common.md#taste (new text from best-api)	see copies-all.tsv per copy; best-api text deleted	no		
BA-no-presentation-nodes	.agents/rules/best-api.mdc:511-516	no presentation/perf partitions as nodes; multiline in one Text; tokens via Decorations	3	vision-detail: docs/vision/plite.md:49[subset], docs/vision/plite.md:353-357[same]	agree		docs/vision/plite.md:353-357 (already there)	see copies-all.tsv per copy; best-api text deleted	no		
BA-external-text-view	.agents/rules/best-api.mdc:518-532	external editable-text view adapter contract	2	vision-detail: docs/vision/plite.md:358-371[same]	agree		docs/vision/plite.md:358-371 (already there)	see copies-all.tsv per copy; best-api text deleted	no		
BA-traversal-named-read	.agents/rules/best-api.mdc:534-540	promote repeated traversal+predicate to named read; singular/plural	2	vision-detail: docs/vision/plite.md:251-255[superset]	agree		docs/vision/plite.md:251-255 (already fuller)	see copies-all.tsv per copy; best-api text deleted	no		
BA-blocks-reset	.agents/rules/best-api.mdc:542-548	tx.blocks.reset({ at? }) is the schema-default conversion	2	vision-detail: docs/vision/plite.md:256-260[same]	agree		docs/vision/plite.md:256-260 (already there)	see copies-all.tsv per copy; best-api text deleted	no		
BA-input-rule-decline	.agents/rules/best-api.mdc:550-556	input rule consumes shorthand only if change staged; decline()	4	plate-next: .agents/rules/plate-next/rules/ownership-and-correction.md:139-148[superset] | vision-detail: docs/vision/plate.md:488-499[superset], docs/vision/plite.md:261-264[subset]	agree		docs/vision/plate.md:488-499 (already fuller)	see copies-all.tsv per copy; best-api text deleted	no		
BA-ai-draft	.agents/rules/best-api.mdc:558-569	AI output is session draft outside history; apply once; no Suggesting	5	vision-detail: docs/vision/plate.md:319-321[subset], docs/vision/plate.md:1076-1080[same], docs/vision/plate.md:1082-1086[conflict], docs/vision/plate.md:1086-1088[same]	CONFLICT x1	docs/vision/plate.md:1082-1086: "AI selection edits stream into one request-owned native suggestion. They remain visible in an Editing view with markup projection" vs best-api.mdc:560-568 "Temporary AI output belongs to the AI session's draft, outside document changes and history... must not	docs/vision/plate.md:1076-1080	see copies-all.tsv per copy; best-api text deleted	no		PRODUCT DECISION: plate.md:1082-1086 'AI selection edits stream into one request-owned native suggestion ... visible in an Editing view with markup projection' vs best-api.mdc:560-569 'must not enter Suggesting ... or manufacture a persistent authored proposal merely to display a preview'. Live AIChatPlugin.ts:858 createSuggestionDraft is ambiguous. Both texts last changed 2026-09-27.
BA-ai-session	.agents/rules/best-api.mdc:571-576	closing AI session cancels/discards; stop retains draft	3	vision-detail: docs/vision/plate.md:1090-1094[superset], docs/vision/plate.md:1096-1100[same]	agree		docs/vision/plate.md:1096-1100 (already there)	see copies-all.tsv per copy; best-api text deleted	no		
BA-decoration-annotation	.agents/rules/best-api.mdc:578-582	transient paint = Decoration; durable range = Annotation; no widget/overlay API	4	plate-plugins: .agents/rules/plate-plugins.mdc:117-118[subset] | vision-detail: docs/vision/plate.md:343-345[same], docs/vision/plite.md:400-403[same]	agree		docs/vision/plate.md:343-345 (already there)	see copies-all.tsv per copy; best-api text deleted	no		
BA-decorate-descriptor	.agents/rules/best-api.mdc:584-590	plugin decorate {read, observe?, attributes?}; lowered to EditorRoot decorations	13	best-api: .agents/rules/best-api/rules/authoring-and-inference.md:329-337[subset] | plate-docs: .agents/rules/plate-docs/references/api-examples.md:15-16[subset], .agents/rules/plate-docs/references/api-examples.md:48-49[subset] | plate-plugins: .agents/rules/plate-plugins.mdc:117-120[same], .agents/rules/plate-plugins.mdc:135-137[subset] | plate-ui: .agents/rules/plate-ui.mdc:111-115[subset] | vision-root: VISION.md:101[conflict], VISION.md:52[subset] | vision-detail: docs/vision/plate.md:241-243[subset], docs/vision/plate.md:268-269[same], docs/vision/plate.md:279-282[same], docs/vision/plite.md:32[subset]	CONFLICT x1	VISION.md:101: best-api.mdc:586-587 "lowers those descriptors privately into the sole raw Plite `<EditorRoot decorations>` input" vs VISION "`<Plite decorations>` is the sole raw Plite input for transient inline paint". grep: `<Plite[ >]` 3 files, all error strings/doc comme	docs/vision/plate.md:268-269 (already there)	see copies-all.tsv per copy; best-api text deleted	no		
BA-decoration-attributes	.agents/rules/best-api.mdc:592-608	package decorations neutral; copied UI owns presentation via decorate.attributes; contentAttributes	5	plate-docs: .agents/rules/plate-docs/references/api-examples.md:10-13[subset] | plate-plugins: .agents/rules/plate-plugins.mdc:120-127[superset] | plate-ui: .agents/rules/plate-ui.mdc:104-128[superset] | vision-detail: docs/vision/plate.md:259-267[superset]	agree		docs/vision/plate.md:259-267 (already fuller)	see copies-all.tsv per copy; best-api text deleted	no		
BA-embedded-editor-provider	.agents/rules/best-api.mdc:610-616	embedded editor owns syntax parsing; omit duplicate provider	2	vision-detail: docs/vision/plite.md:364-366[subset]	agree		docs/vision/plite.md:364-366 (expand with best-api text)	see copies-all.tsv per copy; best-api text deleted	no		
BA-code-command	.agents/rules/best-api.mdc:618-625	code command builds final node in one step; prettify in copied component	2	vision-detail: docs/vision/plate.md:891-896[same]	agree		docs/vision/plate.md:891-896 (already there)	see copies-all.tsv per copy; best-api text deleted	no		
BA-view-element-attrs	.agents/rules/best-api.mdc:627-632	render.useViewElementAttributes contract	8	best-api: .agents/rules/best-api/rules/authoring-and-inference.md:338-346[same] | plate-docs: .agents/rules/plate-docs/references/api-examples.md:16-18[subset] | plate-plugins: .agents/rules/plate-plugins.mdc:127-130[subset], .agents/rules/plate-plugins/references/plugin-authoring-audit.md:156-161[same] | plate-ui: .agents/rules/plate-ui.mdc:129-138[same] | vision-root: VISION.md:52[subset] | vision-detail: docs/vision/plate.md:269-273[subset]	agree		docs/vision/plate.md:269-273 (expand with best-api text)	see copies-all.tsv per copy; best-api text deleted	no		
BA-private-host-binding	.agents/rules/best-api.mdc:634-642	benchmarked private view-local binding to node hosts; render.attributes pure	10	plate-docs: .agents/rules/plate-docs/references/api-examples.md:18-24[same], .agents/rules/plate-docs/references/api-examples.md:52-56[same] | plate-plugins: .agents/rules/plate-plugins.mdc:130-134[same], .agents/rules/plate-plugins/references/plugin-authoring-audit.md:152-154[superset], .agents/rules/plate-plugins/references/plugin-authoring-audit.md:161-165[same] | plate-ui: .agents/rules/plate-ui.mdc:132-138[same] | vision-root: VISION.md:52[same] | vision-detail: docs/vision/plate.md:273-279[same], docs/vision/plate.md:854-856[subset]	agree		docs/vision/plate.md:273-279 (already there)	see copies-all.tsv per copy; best-api text deleted	no		
BA-raw-plite-paint	.agents/rules/best-api.mdc:644-647	raw Plite one paint path DecorationSource {key,range,attributes}	3	vision-root: VISION.md:101[same] | vision-detail: docs/vision/plite.md:32-40[superset]	agree		docs/vision/plite.md:32-40 (already fuller)	see copies-all.tsv per copy; best-api text deleted	no		
BA-annotation-store	.agents/rules/best-api.mdc:649-657	useAnnotationStore/useAnnotation(store,id)/createAnnotationStore ownership	3	vision-root: VISION.md:101[conflict] | vision-detail: docs/vision/plite.md:41-46[subset]	CONFLICT x1	VISION.md:101: VISION "Annotations use their own provider" vs best-api.mdc:649-652 "React components use `useAnnotationStore` under the exact mounted view... Do not add a generic provider". grep Annotation*Provider 0 files; useAnnotationStore 4; createAnnotationStore 5. Live	docs/vision/plite.md:41-46 (expand)	see copies-all.tsv per copy; best-api text deleted	no		STALE: VISION.md:101 'Annotations use their own provider' (0 providers; useAnnotationStore live).
BA-native-anchor	.agents/rules/best-api.mdc:659-665	retained native anchor; anchor.resolve(view)	2	vision-detail: docs/vision/plite.md:409-414[same]	agree		docs/vision/plite.md:409-414 (already there)	see copies-all.tsv per copy; best-api text deleted	no		
BA-comments-package	.agents/rules/best-api.mdc:667-677	Comments package owns thread records; initialComments; api.toJSON()	4	plate-plugins: .agents/rules/plate-plugins/references/plugin-authoring-audit.md:63-66[subset] | plate-ui: .agents/rules/plate-ui.mdc:415-425[superset] | vision-detail: docs/vision/plate.md:283-294[same]	agree		docs/vision/plate.md:283-294 (already there)	see copies-all.tsv per copy; best-api text deleted	no		
BA-comments-mutate	.agents/rules/best-api.mdc:679-705	durable comment actions via initialState.mutate; history; import staging	3	plate-ui: .agents/rules/plate-ui.mdc:418-420[subset] | vision-detail: docs/vision/plate.md:297-303[subset]	agree		docs/vision/plate.md:297-303 (expand with best-api text)	see copies-all.tsv per copy; best-api text deleted	no		
BA-comments-visibility	.agents/rules/best-api.mdc:707-715	published conversation outlives target visibility	2	vision-detail: docs/vision/plate.md:304-309[same]	agree		docs/vision/plate.md:304-309 (already there)	see copies-all.tsv per copy; best-api text deleted	no		
BA-load-existing-data	.agents/rules/best-api.mdc:717-734	load data through canonical owner; EditorRoot authored; intent vs projection	6	plate-ui: .agents/rules/plate-ui.mdc:427-431[subset] | vision-detail: docs/vision/plate.md:303-304[subset], docs/vision/plate.md:322-329[same], docs/vision/plite.md:119-121[subset], docs/vision/plite.md:205-218[superset]	agree		docs/vision/plate.md:322-329 (already there)	see copies-all.tsv per copy; best-api text deleted	no		
BA-native-range-handles	.agents/rules/best-api.mdc:736-744	native range handles belong to creating editor; activation stores ID group	3	plate-ui: .agents/rules/plate-ui.mdc:418-419[subset] | vision-detail: docs/vision/plate.md:295-300[same]	agree		docs/vision/plate.md:295-300 (already there)	see copies-all.tsv per copy; best-api text deleted	no		
BA-plugin-store-sub	.agents/rules/best-api.mdc:746-752	usePluginStore with typed descriptor; installed check; no nullable wrappers	8	best-api: .agents/rules/best-api/rules/schema-and-identity.md:234-235[same] | plate-next: .agents/rules/plate-next/rules/review-law.md:197-198[subset], .agents/rules/plate-next/rules/review-law.md:515-517[same] | plate-plugins: .agents/rules/plate-plugins/rules/capabilities.md:321-321[subset] | plate-ui: .agents/rules/plate-ui.mdc:272-278[same], .agents/rules/plate-ui.mdc:402-403[subset] | vision-detail: docs/vision/plate.md:581-586[same]	agree		docs/vision/plate.md:581-586 (already there)	see copies-all.tsv per copy; best-api text deleted	no		
BA-controls-portal	.agents/rules/best-api.mdc:754-762	controls call commands via portal without subscribing; API factories bind exact editor	8	plate-docs: .agents/rules/plate-docs/references/plugin.md:81-84[same] | plate-next: .agents/rules/plate-next/rules/review-law.md:482-489[superset] | plate-plugins: .agents/rules/plate-plugins.mdc:231-233[mechanics], .agents/rules/plate-plugins.mdc:237-239[subset] | plate-ui: .agents/rules/plate-ui.mdc:401-407[same] | vision-detail: docs/vision/plate.md:609-613[superset], docs/vision/plite.md:285-288[same]	agree		docs/vision/plite.md:285-288 (already there)	see copies-all.tsv per copy; best-api text deleted	no		
BA-arrival-feedback	.agents/rules/best-api.mdc:764-768	temporary arrival feedback belongs to mounted view	2	vision-detail: docs/vision/plate.md:614-618[same]	agree		docs/vision/plate.md:614-618 (already there)	see copies-all.tsv per copy; best-api text deleted	no		
BA-search-bar	.agents/rules/best-api.mdc:770-775	search bar state in Editable composition; slots.wrapRoot	2	plate-ui: .agents/rules/plate-ui.mdc:409-413[superset]	agree		docs/vision/plate.md (new text from best-api)	see copies-all.tsv per copy; best-api text deleted	no		
BA-initial-state-complete	.agents/rules/best-api.mdc:777-782	plugin initialState complete record, null not undefined; configure partial	3	plate-plugins: .agents/rules/plate-plugins/rules/capabilities.md:310-311[subset] | vision-detail: docs/vision/plate.md:597-600[same]	agree		docs/vision/plate.md:597-600 (already there)	see copies-all.tsv per copy; best-api text deleted	type	package type tests (tsc); no lint	
BA-store-writes	.agents/rules/best-api.mdc:784-790	store writes preserve unchanged branches; selectors derive results	2	vision-detail: docs/vision/plate.md:587-589[same]	agree		docs/vision/plate.md:587-589 (already there)	see copies-all.tsv per copy; best-api text deleted	no		
BA-sibling-slot	.agents/rules/best-api.mdc:792-796	sibling slot exposes only exact Editable/container ref	5	plate-docs: .agents/rules/plate-docs/references/plugin.md:117-119[same] | plate-plugins: .agents/rules/plate-plugins.mdc:138-142[same] | plate-ui: .agents/rules/plate-ui.mdc:433-437[same] | vision-detail: docs/vision/plate.md:330-334[same]	agree		docs/vision/plate.md:330-334 (already there)	see copies-all.tsv per copy; best-api text deleted	no		
BA-sibling-typing	.agents/rules/best-api.mdc:798-804	type sibling components from slot contract not descriptor	7	plate-plugins: .agents/rules/plate-plugins.mdc:142-149[superset] | plate-ui: .agents/rules/plate-ui.mdc:299-302[subset], .agents/rules/plate-ui.mdc:437-441[superset], .agents/rules/plate-ui/rules/component-shape.md:103-104[subset] | vision-detail: docs/vision/plate.md:235-237[subset], docs/vision/plate.md:334-337[same]	agree		docs/vision/plate.md:334-337 (already there)	see copies-all.tsv per copy; best-api text deleted	no		
BA-dom-geometry	.agents/rules/best-api.mdc:806-811	DOM geometry requires exact Editable ref; null in SSR; copied UI owns Floating UI	3	plate-ui: .agents/rules/plate-ui.mdc:443-447[same] | vision-detail: docs/vision/plate.md:345-348[same]	agree		docs/vision/plate.md:345-348 (already there)	see copies-all.tsv per copy; best-api text deleted	no		
BA-onplaced	.agents/rules/best-api.mdc:813-818	positioning primitive onPlaced callback	3	plate-ui: .agents/rules/plate-ui.mdc:449-454[same] | vision-detail: docs/vision/plate.md:826-831[same]	agree		docs/vision/plate.md:826-831 (already there)	see copies-all.tsv per copy; best-api text deleted	no		
BA-canonical-dom-op	.agents/rules/best-api.mdc:820-823	use canonical DOM op; return its cancellation handle	3	plate-ui: .agents/rules/plate-ui.mdc:456-459[superset] | vision-detail: docs/vision/plite.md:490-491[subset]	agree		docs/vision/plite.md:490-491 (expand with best-api text)	see copies-all.tsv per copy; best-api text deleted	no		
BA-view-paint	.agents/rules/best-api.mdc:825-835	view-local paint derived privately; literal DOM protocol; no editor-global plugin	10	plate-docs: .agents/rules/plate-docs/references/api-examples.md:3-8[same] | plate-plugins: .agents/rules/plate-plugins.mdc:83-88[same], .agents/rules/plate-plugins/references/feature/manifest.md:78-82[subset] | plate-ui: .agents/rules/plate-ui.mdc:99-103[superset], .agents/rules/plate-ui.mdc:461-467[superset] | vision-root: VISION.md:51[same] | vision-detail: docs/vision/plate.md:338-342[subset], docs/vision/plite.md:191-201[superset], docs/vision/plite.md:202-204[same]	agree		docs/vision/plite.md:202-204 (already there)	see copies-all.tsv per copy; best-api text deleted	no		
BA-registry-deps-derived	.agents/rules/best-api.mdc:837-848	registry deps derived from source graph; one generation; no config-only static item	15	plate-next: .agents/rules/plate-next/rules/audit-modes.md:102-105[same] | plate-ui: .agents/rules/plate-ui.mdc:225-229[same], .agents/rules/plate-ui.mdc:345-349[superset], .agents/rules/plate-ui.mdc:357-359[superset], .agents/rules/plate-ui.mdc:360[mechanics], .agents/rules/plate-ui.mdc:361[conflict], .agents/rules/plate-ui/rules/component-family.md:77-79[subset], .agents/rules/plate-ui/rules/registry.md:14-20[conflict], .agents/rules/plate-ui/rules/registry.md:29-32[same], .agents/rules/plate-ui/rules/registry.md:36-44[conflict], .agents/rules/plate-ui/rules/registry.md:94-110[mechanics], .agents/rules/plate-ui/references/component-audit.md:88-92[conflict] | vision-detail: docs/vision/plate.md:931-939[same], docs/vision/plate.md:962-965[same]	CONFLICT x4	.agents/rules/plate-ui.mdc:361: best-api.mdc:837-839 "derive required package and item dependencies from the resolved source graph instead of maintaining parallel authored lists" vs plate-ui "Examples should depend on kits plus any extra styles/components they introduce" (authored component  || .agents/rules/plate-ui/rules/registry.md:14-20: "make sure kit registryDependencies point at the real node/ui items" asks for hand-maintained deps vs best-api.mdc:837-839 derive from the resolved source graph; also uses the banned "node" item vocabulary (BO-components-editor-ns) || .agents/rules/plate-ui/rules/registry.md:36-44: "An example should depend on: the kit(s) it uses; any extra component it imports directly; any style registry item" vs best-api.mdc:837-841 derive item deps from source and author only styles/CSS/bundles/optional peers/provider selection. Live mixed (see plate || .agents/rules/plate-ui/references/component-audit.md:88-92: "Metadata mirrors surviving source imports" (hand-mirrored metadata) vs best-api.mdc:837-839 "derive ... instead of maintaining parallel authored lists"	docs/vision/plate.md:931-939	see copies-all.tsv per copy; best-api text deleted	partial	apps/www/scripts/check-registry-source.mts (dependency closure, enforced)	GUIDANCE: plate-ui.mdc:361, registry.md:14-20, registry.md:36-44, component-audit.md:88-92 still teach hand-authored registryDependencies; live is mixed (build-registry.mts:49 derives package deps; registry-examples.ts 80 and registry-features.ts 57 authored lines).
BA-backend-provider-items	.agents/rules/best-api.mdc:850-858	mutually exclusive backends = explicit provider items depending on base	3	plate-ui: .agents/rules/plate-ui.mdc:353-356[subset] | vision-detail: docs/vision/plate.md:857-863[same]	agree		docs/vision/plate.md:857-863 (already there)	see copies-all.tsv per copy; best-api text deleted	no		
BA-bounded-exhaustiveness	.agents/rules/best-api.mdc:860-888	bounded manifest audit for colocation/helpers	7	best-api: .agents/rules/best-api.mdc:1062-1065[same], .agents/rules/best-api.mdc:1117-1124[same] | best-api-review: .agents/rules/best-api-review.mdc:33[subset] | plate-plugins: .agents/rules/plate-plugins.mdc:153-154[mechanics], .agents/rules/plate-plugins/rules/creation-flow.md:192-196[mechanics], .agents/rules/plate-plugins/rules/creation-flow.md:250-261[same]	agree		best-api.mdc (procedure)	skill copies -> link to best-api procedure	no		
BA-taste-order	.agents/rules/best-api.mdc:890-910	taste ranking 1-7 incl. inline prop types and ecosystem fit	17	agents: AGENTS.md:143[subset] | plate-next: .agents/rules/plate-next/rules/review-law.md:215-219[subset], .agents/rules/plate-next/rules/review-law.md:235-240[subset], .agents/rules/plate-next/rules/review-law.md:261-265[subset] | plate-plugins: .agents/rules/plate-plugins.mdc:111-116[mechanics], .agents/rules/plate-plugins/rules/capabilities.md:28-34[mechanics], .agents/rules/plate-plugins/rules/typing.md:48-63[mechanics], .agents/rules/plate-plugins/references/plugin-authoring-audit.md:173-177[mechanics] | plate-ui: .agents/rules/plate-ui.mdc:42[subset], .agents/rules/plate-ui.mdc:303[subset], .agents/rules/plate-ui.mdc:304-309[same], .agents/rules/plate-ui/rules/component-shape.md:64-90[same], .agents/rules/plate-ui/rules/component-shape.md:198-205[subset], .agents/rules/plate-ui/rules/component-shape.md:242-252[subset] | vision-detail: docs/vision/plate.md:920-925[subset], docs/vision/common.md:19-21[subset]	agree		docs/vision/common.md#taste (items 1-5,7) + plate.md:920-925 (item 6)	see copies-all.tsv per copy; best-api text deleted	no (item 6 lintable; AGENTS.md:143 rejects a lint gate)		UNCLEAR HOME: item 6 (inline prop types) is restated in AGENTS.md:143 which names plate-ui as owner and forbids a lint gate; plate-ui.mdc:304-309 and component-shape.md:64-90 hold it too. Owner rule conflicts with the dedup's lint direction.
BA-subpath-noun	.agents/rules/best-api.mdc:912-914	one established domain noun for subpath	3	vision-root: VISION.md:34[same] | vision-detail: docs/vision/common.md:47-48[same]	agree		docs/vision/common.md:47-48 (already there)	see copies-all.tsv per copy; best-api text deleted	no		
BA-derived-vs-intent	.agents/rules/best-api.mdc:916-918	delete derived state, retain latent persisted intent	2	vision-detail: docs/vision/plate.md:532-536[superset]	agree		docs/vision/plate.md:532-536 (already fuller)	see copies-all.tsv per copy; best-api text deleted	no		
BA-variant-complete	.agents/rules/best-api.mdc:920-925	supported variant is complete public surface	4	plate-next: .agents/rules/plate-next/rules/audit-modes.md:105-107[subset] | plate-ui: .agents/rules/plate-ui.mdc:88-92[superset] | vision-detail: docs/vision/plate.md:956-961[same]	agree		docs/vision/plate.md:956-961 (already there)	see copies-all.tsv per copy; best-api text deleted	no		
BA-identity-names	.agents/rules/best-api.mdc:927-936	key/keys NodeKey, id persisted, ref/refs association; resolveDOMNode	6	best-api: .agents/rules/best-api/rules/schema-and-identity.md:186-200[conflict], .agents/rules/best-api/rules/schema-and-identity.md:209-212[same] | plate-plugins: .agents/rules/plate-plugins.mdc:91-96[same] | vision-detail: docs/vision/plate.md:352-358[same], docs/vision/plite.md:435-437[subset]	CONFLICT x1	.agents/rules/best-api/rules/schema-and-identity.md:186-200: best-api.mdc:112 'Use data-editor-* for owned DOM attributes'; SI:194-195 'DOM bindings for live nodes use data-plite-node-key'. Live source: data-editor-node-key in 14 src files, data-plite-node-key in 0. best-api.mdc side is current.	docs/vision/plate.md:352-358	see copies-all.tsv per copy; best-api text deleted	partial	oxlint.config.ts (new: reject data-plite-/data-plate- literals in packages/*/src; 0 hits today)	STALE: SI:195 'data-plite-node-key' (0 files vs data-editor-node-key 14); plite.md:191-201 and plate.md:340-341 use data-plite-*; best-api.mdc:112 data-editor-* is current.
BA-provider-lifetime	.agents/rules/best-api.mdc:938-942	provider binds one runtime owner; keyed remount	2	vision-detail: docs/vision/plite.md:119-127[superset]	agree		docs/vision/plite.md:119-127 (already fuller)	see copies-all.tsv per copy; best-api text deleted	no		
BA-fast-path	.agents/rules/best-api.mdc:944-947	fast-path eligibility from behavior not registration	2	vision-detail: docs/vision/plite.md:147-150[same]	agree		docs/vision/plite.md:147-150 (already there)	see copies-all.tsv per copy; best-api text deleted	no		
BA-unknown-predicate	.agents/rules/best-api.mdc:949-953	predicate over unknown validates every field	3	best-api: .agents/rules/best-api/rules/schema-and-identity.md:80-83[same] | vision-detail: docs/vision/plite.md:103-107[superset]	agree		docs/vision/plite.md:103-107 (already fuller)	see copies-all.tsv per copy; best-api text deleted	no		
BA-mapped-location	.agents/rules/best-api.mdc:955-959	mapped-location APIs name lifetime; no parallel refs namespace	2	vision-detail: docs/vision/plite.md:409-418[superset]	agree		docs/vision/plite.md:409-418 (already fuller)	see copies-all.tsv per copy; best-api text deleted	no		
BA-proof-api	.agents/rules/best-api.mdc:961-964	proof/attestation API validates evidence	3	vision-detail: docs/vision/plite.md:455-457[same], docs/vision/plite.md:458-465[mechanics]	agree		docs/vision/plite.md:455-457 (already there)	see copies-all.tsv per copy; best-api text deleted	no		
BA-instrumentation	.agents/rules/best-api.mdc:966-973	test instrumentation opt-in installer; never NODE_ENV in library	2	vision-detail: docs/vision/plite.md:144-146[subset]	agree		docs/vision/plite.md:144-146 (expand with best-api text)	see copies-all.tsv per copy; best-api text deleted	partial	oxlint.config.ts no-restricted-syntax on NODE_ENV in packages/*/src would need an allowlist (3 live files)	
BA-read-factories	.agents/rules/best-api.mdc:975-978	plugin read factories compile one method tree	4	plate-plugins: .agents/rules/plate-plugins.mdc:234-236[same] | vision-detail: docs/vision/plate.md:608[subset], docs/vision/plite.md:172-175[same]	agree		docs/vision/plite.md:172-175 (already there)	see copies-all.tsv per copy; best-api text deleted	no		
BA-dom-handlers	.agents/rules/best-api.mdc:980-982	DOM event handlers run before built-ins; handled signal	2	plate-ui: .agents/rules/plate-ui.mdc:332-334[superset]	agree		docs/vision/plite.md (new text from best-api)	see copies-all.tsv per copy; best-api text deleted	no		
BA-publication-boundary	.agents/rules/best-api.mdc:984-989	fallible callbacks before publication; observers report via host sink	2	vision-detail: docs/vision/plite.md:391-399[superset]	agree		docs/vision/plite.md:391-399 (already fuller)	see copies-all.tsv per copy; best-api text deleted	no		
BA-inline-meaning	.agents/rules/best-api.mdc:991-993	inline = one owner declaration	2	plate-plugins: .agents/rules/plate-plugins/rules/capabilities.md:9-14[conflict]	CONFLICT x1	.agents/rules/plate-plugins/rules/capabilities.md:9-14: copy "Never assign a plugin factory or intermediate `.extend()` / `.configure()` result to a private constant... Keep inference stages as one fluent export." vs best-api "Inline means one coherent owner declaration, not a mandatory object-literal or chain spel	docs/vision/common.md#taste (new text)	see copies-all.tsv per copy; best-api text deleted	no		SOFT CONFLICT: plate-plugins capabilities.md:9-14 mandates one fluent export chain; best-api.mdc:991-993 says chain spelling is not mandatory (check-plate-schema-adoption also reports 'one-use private plugin descriptor scaffolding').
BA-portal-presentation	.agents/rules/best-api.mdc:995-1001	headless package portal: one presentation channel	1		no copies		docs/vision/plate.md (new text from best-api)	see copies-all.tsv per copy; best-api text deleted	no		
BA-dom-parts	.agents/rules/best-api.mdc:1003-1008	one primitive per DOM part; no *ClassName props	3	plate-ui: .agents/rules/plate-ui.mdc:215-218[same] | vision-detail: docs/vision/plate.md:897-900[same]	agree		docs/vision/plate.md:897-900 (already there)	see copies-all.tsv per copy; best-api text deleted	partial	oxlint no-restricted-syntax on *ClassName props in registry (not enforced)	
BA-element-selector-position	.agents/rules/best-api.mdc:1014-1017	useElementSelector vs usePath(path=>path.at(-1))	5	best-api: .agents/rules/best-api/rules/authoring-and-inference.md:355-361[superset] | plate-next: .agents/rules/plate-next/rules/review-law.md:496-500[same] | plate-ui: .agents/rules/plate-ui.mdc:257-261[same] | vision-detail: docs/vision/plate.md:250-254[same]	agree		docs/vision/plate.md:250-254 (already there)	see copies-all.tsv per copy; best-api text deleted	no		
BA-review-questions	.agents/rules/best-api.mdc:1027-1080	review question checklist	2	plate-ui: .agents/rules/plate-ui.mdc:82-87[superset]	agree		best-api.mdc (procedure)	skill copies -> link to best-api procedure	no		
BA-output-contract	.agents/rules/best-api.mdc:1082-1124	output contract, P0-P3 audit table	1		no copies		best-api.mdc (procedure)	skill copies -> link to best-api procedure	no		
BA-self-maintenance	.agents/rules/best-api.mdc:1126-1172	best-api repair triggers and chain	12	agents: AGENTS.md:113-118[subset] | plate-next: .agents/rules/plate-next/rules/ownership-and-correction.md:50-55[link] | plate-plugins: .agents/rules/plate-plugins.mdc:44-48[link], .agents/rules/plate-plugins.mdc:326-329[link] | plate-ui: .agents/rules/plate-ui.mdc:394-399[subset], .agents/rules/plate-ui.mdc:586-587[link] | vision-detail: docs/vision/plate.md:992-994[link], docs/vision/common.md:286-288[same], docs/vision/sync.md:58-59[link], docs/vision/sync.md:68[link], docs/vision/sync.md:97-99[same]	agree		best-api.mdc (procedure, rewrite)	skill copies -> link to best-api procedure	no		STRUCTURAL: plate.md:1005-1012 owner map and best-api.mdc:32-34 and 1143-1147, common.md:286-288, sync.md:97-99, plate-ui.mdc:394-399, AGENTS.md:113-118 all require writing the law in best-api AND Vision. Rewrite the repair chain to 'repair the Vision owner; best-api keeps only procedure' or the next repair re-creates copies.
BA-stop	.agents/rules/best-api.mdc:1174-1181	stop conditions	2	vision-detail: docs/vision/common.md:35[subset]	agree		best-api.mdc (procedure)	skill copies -> link to best-api procedure	no		
AI-builder-consolidation	.agents/rules/best-api/rules/authoring-and-inference.md:3-33	builder merges need widening proof, parity and negative proof	8	best-api: .agents/rules/best-api.mdc:1039-1041[same] | plate-plugins: .agents/rules/plate-plugins.mdc:250-252[mechanics], .agents/rules/plate-plugins.mdc:335-336[subset], .agents/rules/plate-plugins/rules/capabilities.md:72-74[subset], .agents/rules/plate-plugins/rules/typing.md:379-388[subset], .agents/rules/plate-plugins/references/plugin-authoring-audit.md:180[subset] | vision-detail: docs/vision/plate.md:108-115[same]	agree		docs/vision/plate.md:108-115 (already there)	see copies-all.tsv per copy; best-api text deleted	no		
AI-caller-generic	.agents/rules/best-api/rules/authoring-and-inference.md:35-56	public generic determined by typed input; no editor.update<TTx>, command<TCommand>	5	agents: AGENTS.md:144[subset] | plate-plugins: .agents/rules/plate-plugins/rules/capabilities.md:35-40[conflict] | vision-detail: docs/vision/plite.md:116-118[subset], docs/vision/plite.md:128-133[same]	CONFLICT x1	.agents/rules/plate-plugins/rules/capabilities.md:35-40: copy "pass the contribution shape to `.extend<{ api: ApiContract }>(...)` or `.extend<{ update: UpdateContract }>(...)`" vs best-api "A type parameter that... lets the caller claim capabilities is a cast wearing API syntax" (authoring-and-inference.md:37-40) a	docs/vision/plite.md:128-133	see copies-all.tsv per copy; best-api text deleted	no		CONFLICT: plate-plugins capabilities.md:35-40 teaches .extend<{ api: ApiContract }>(...); 0 live uses and extend's first type parameter is TKeys. Delete that teaching.
AI-deep-interfaces	.agents/rules/best-api/rules/authoring-and-inference.md:58-61	deep public interfaces	1		no copies		docs/vision/common.md#taste (new text from best-api)	see copies-all.tsv per copy; best-api text deleted	no		
AI-children-content	.agents/rules/best-api/rules/authoring-and-inference.md:63-72	structural editable content stays in children; no one-child wrapper	2	vision-detail: docs/vision/plite.md:340-346[same]	agree		docs/vision/plite.md:340-346 (already there)	see copies-all.tsv per copy; best-api text deleted	no		
AI-scalable	.agents/rules/best-api/rules/authoring-and-inference.md:74-75	scales when future capability needs no caller learning	1		no copies		docs/vision/common.md#taste (new text from best-api)	see copies-all.tsv per copy; best-api text deleted	no		
AI-plugin-shape-flat	.agents/rules/best-api/rules/authoring-and-inference.md:79-85	flat descriptors; on.* family; no handlers bucket	9	plate-docs: .agents/rules/plate-docs/references/plugin.md:114-116[same] | plate-next: .agents/rules/plate-next/rules/review-law.md:167-171[superset] | plate-plugins: .agents/rules/plate-plugins/rules/capabilities.md:330-333[subset], .agents/rules/plate-plugins/rules/capabilities.md:371-376[superset], .agents/rules/plate-plugins/rules/creation-flow.md:110-112[subset] | vision-root: VISION.md:107[same] | vision-detail: docs/vision/plate.md:426-430[superset], docs/vision/plite.md:265-270[same]	agree		docs/vision/plite.md:265-270 (already there)	see copies-all.tsv per copy; best-api text deleted	partial	check-plate-schema-adoption.mjs (prefixedOnListenerPattern)	
AI-read-update-middleware	.agents/rules/best-api/rules/authoring-and-inference.md:87-90	read/update/readMiddleware	8	plate-docs: .agents/rules/plate-docs/references/plugin.md:127-128[same] | plate-next: .agents/rules/plate-next/rules/review-law.md:172-174[superset] | plate-plugins: .agents/rules/plate-plugins/rules/capabilities.md:378-380[same] | vision-root: VISION.md:106[same] | vision-detail: docs/vision/plate.md:474-478[superset], docs/vision/plite.md:168-169[subset], docs/vision/plite.md:268-270[subset]	agree		docs/vision/plate.md:474-478 (already fuller)	see copies-all.tsv per copy; best-api text deleted	no		
AI-contributions	.agents/rules/best-api/rules/authoring-and-inference.md:91-92	cross-plugin values are contributions	2	vision-detail: docs/vision/plite.md:271[same]	agree		docs/vision/plite.md:271 (already there)	see copies-all.tsv per copy; best-api text deleted	no		
AI-clipboard-insertData	.agents/rules/best-api/rules/authoring-and-inference.md:93-99	clipboard ingress is domCommands.insertData	5	plate-docs: .agents/rules/plate-docs/references/plugin.md:120-126[superset] | plate-next: .agents/rules/plate-next/rules/review-law.md:159-166[superset] | plate-plugins: .agents/rules/plate-plugins/rules/capabilities.md:354-359[same] | vision-detail: docs/vision/plate.md:479-487[superset]	agree		docs/vision/plate.md:479-487 (already fuller)	see copies-all.tsv per copy; best-api text deleted	no		
AI-no-config-channel	.agents/rules/best-api/rules/authoring-and-inference.md:100-103	Plite plugins have no config channel	9	best-api: .agents/rules/best-api/rules/schema-and-identity.md:231-238[superset] | plate-docs: .agents/rules/plate-docs/references/plugin.md:72-73[subset] | plate-next: .agents/rules/plate-next/rules/review-law.md:199-202[same] | plate-plugins: .agents/rules/plate-plugins/rules/capabilities.md:328-329[same], .agents/rules/plate-plugins/references/plugin-authoring-audit.md:183[subset] | vision-root: VISION.md:105[same] | vision-detail: docs/vision/plate.md:590-592[same], docs/vision/plite.md:274-275[same]	agree		check: tooling/scripts/check-plate-schema-adoption.mjs ('final Plite ... contexts have no config'; 'Plate plugin values belong in initialState')	see copies-all.tsv per copy; best-api text deleted	yes	tooling/scripts/check-plate-schema-adoption.mjs ('final Plite ... contexts have no config'; 'Plate plugin values belong in initialState')	
AI-registration-slots	.agents/rules/best-api/rules/authoring-and-inference.md:104-105	stateFields and effectTypes	2	vision-detail: docs/vision/plite.md:272-273[same]	agree		docs/vision/plite.md:272-273 (already there)	see copies-all.tsv per copy; best-api text deleted	no		
AI-selection-closed	.agents/rules/best-api/rules/authoring-and-inference.md:106-110	selection closed: text + NodeSelection	5	plate-next: .agents/rules/plate-next/rules/ownership-and-correction.md:57-61[superset] | plate-plugins: .agents/rules/plate-plugins/rules/capabilities.md:334-336[same] | vision-detail: docs/vision/plite.md:187-190[same], docs/vision/plite.md:234-238[superset]	agree		docs/vision/plite.md:187-190 (already there)	see copies-all.tsv per copy; best-api text deleted	no		
AI-selection-range	.agents/rules/best-api/rules/authoring-and-inference.md:111-114	selection() Range|null; selection.nodes()/ranges()	3	plate-next: .agents/rules/plate-next/rules/ownership-and-correction.md:66-68[same] | vision-detail: docs/vision/plite.md:239-246[superset]	agree		docs/vision/plite.md:239-246 (already fuller)	see copies-all.tsv per copy; best-api text deleted	no		
AI-contravariant	.agents/rules/best-api/rules/authoring-and-inference.md:115-119	contravariant callbacks; invariant witness	3	plate-next: .agents/rules/plate-next/rules/ownership-and-correction.md:69-72[same] | plate-plugins: .agents/rules/plate-plugins/rules/capabilities.md:337-340[same]	agree		docs/vision/plite.md (new text from best-api)	see copies-all.tsv per copy; best-api text deleted	no		
AI-default-core-tuple	.agents/rules/best-api/rules/authoring-and-inference.md:120-124	default capability generic readonly []; AnyEditor internal	4	plate-next: .agents/rules/plate-next/rules/ownership-and-correction.md:72-75[same] | plate-plugins: .agents/rules/plate-plugins/rules/capabilities.md:341-344[same] | vision-detail: docs/vision/plite.md:70-72[subset]	agree		docs/vision/plite.md:70-72 (expand with best-api text)	see copies-all.tsv per copy; best-api text deleted	no		
AI-project-once	.agents/rules/best-api/rules/authoring-and-inference.md:125-129	project plugin graph once	3	plate-next: .agents/rules/plate-next/rules/ownership-and-correction.md:75-77[same] | plate-plugins: .agents/rules/plate-plugins/rules/capabilities.md:345-348[same]	agree		docs/vision/plate.md (new text from best-api)	see copies-all.tsv per copy; best-api text deleted	no		
AI-generic-helpers	.agents/rules/best-api/rules/authoring-and-inference.md:130-135	generic helpers preserve layered editor type	3	plate-next: .agents/rules/plate-next/rules/ownership-and-correction.md:78-82[same] | plate-plugins: .agents/rules/plate-plugins/rules/capabilities.md:349-353[same]	agree		docs/vision/plite.md (new text from best-api)	see copies-all.tsv per copy; best-api text deleted	no		
AI-store-binding-proof	.agents/rules/best-api/rules/authoring-and-inference.md:136-140	prove store/binding inputs with inferred data	2	best-api: .agents/rules/best-api.mdc:1037-1038[same]	agree		docs/vision/plite.md (new text from best-api)	see copies-all.tsv per copy; best-api text deleted	no		
AI-activation	.agents/rules/best-api/rules/authoring-and-inference.md:141-144	activation beforePublish/afterPublish	2	vision-detail: docs/vision/plite.md:277-281[superset]	agree		docs/vision/plite.md:277-281 (already fuller)	see copies-all.tsv per copy; best-api text deleted	no		
AI-validate	.agents/rules/best-api/rules/authoring-and-inference.md:145-146	validate checks assembled descriptor	5	plate-docs: .agents/rules/plate-docs/references/plugin.md:128[subset] | plate-plugins: .agents/rules/plate-plugins/rules/capabilities.md:380-381[same] | vision-detail: docs/vision/plate.md:476-477[same], docs/vision/plite.md:276[same]	agree		docs/vision/plate.md:476-477 (already there)	see copies-all.tsv per copy; best-api text deleted	partial	tooling/scripts/check-plite-docs.mjs ('plugin candidate validation uses validate', docs only)	
AI-name-identity-portals	.agents/rules/best-api/rules/authoring-and-inference.md:148-154	name = capability identity; portals expose schema.type/schema.key only	13	best-api: .agents/rules/best-api/rules/schema-and-identity.md:8-14[same], .agents/rules/best-api/rules/behavior-and-ownership.md:281-285[subset] | plate-docs: .agents/rules/plate-docs/references/api-examples.md:42-47[same] | plate-next: .agents/rules/plate-next/rules/review-law.md:118-122[superset], .agents/rules/plate-next/rules/review-law.md:592-600[same] | plate-plugins: .agents/rules/plate-plugins/rules/capabilities.md:75-79[superset], .agents/rules/plate-plugins/rules/capabilities.md:265-276[same], .agents/rules/plate-plugins/rules/typing.md:507-511[same], .agents/rules/plate-plugins/references/plugin-authoring-audit.md:139-143[same] | vision-root: VISION.md:105[conflict] | vision-detail: docs/vision/plate.md:745-750[same], docs/vision/plite.md:55[subset]	CONFLICT x1	VISION.md:105: VISION "Name-only portals keep non-optional identity getters for package-decoupled code" vs authoring-and-inference.md:152-154 "Nominal descriptor portals expose their applicable `schema.type` or `schema.key` getter as non-optional" (plate.md:747-749 agrees wi	check: tooling/scripts/check-plate-schema-adoption.mjs ('consumer plugin portals expose only flat schema.type or schema.key'; 'plugins do not expose universal'; 'must not derive from plugin capability names')	see copies-all.tsv per copy; best-api text deleted	yes	tooling/scripts/check-plate-schema-adoption.mjs ('consumer plugin portals expose only flat schema.type or schema.key'; 'plugins do not expose universal'; 'must not derive from plugin capability names')	
AI-define-grammar	.agents/rules/best-api/rules/authoring-and-inference.md:155-166	define*(name, definition) no caller generics; no PluginConfig/__config	15	plate-docs: .agents/rules/plate-docs/references/plugin.md:72[subset], .agents/rules/plate-docs/references/plugin.md:85-87[same] | plate-next: .agents/rules/plate-next/rules/review-law.md:130-133[subset], .agents/rules/plate-next/rules/audit-modes.md:50-52[subset] | plate-plugins: .agents/rules/plate-plugins/rules/capabilities.md:22-23[subset], .agents/rules/plate-plugins/rules/capabilities.md:89-100[same], .agents/rules/plate-plugins/rules/typing.md:32-46[subset], .agents/rules/plate-plugins/rules/creation-flow.md:65-66[same], .agents/rules/plate-plugins/references/plugin-authoring-audit.md:68-69[same], .agents/rules/plate-plugins/references/plugin-authoring-audit.md:179[subset] | vision-root: VISION.md:127[subset], VISION.md:130[conflict] | vision-detail: docs/vision/plate.md:116-127[same], docs/vision/plite.md:54-63[same]	CONFLICT x1	VISION.md:130: VISION "Public factories are one object call with no caller generics" vs authoring-and-inference.md:157-158,178 "`define*(name, definition)`... The positional name is required". grep definePlugin('...') 134 files / definePlugin({ 0. Live: positional name + obj	check: check-plate-schema-adoption.mjs ('definePlugin requires (name, definition)'; 'infers one definition') + check-package-declaration-brands.mjs ('Plugin exposes one public Definition generic')	see copies-all.tsv per copy; best-api text deleted	yes	check-plate-schema-adoption.mjs ('definePlugin requires (name, definition)'; 'infers one definition') + check-package-declaration-brands.mjs ('Plugin exposes one public Definition generic')	
AI-plugin-factory	.agents/rules/best-api/rules/authoring-and-inference.md:167-177	app-resource factory object .create/.require/.map; no definePluginFactory	7	plate-docs: .agents/rules/plate-docs/references/plugin.md:88-92[same] | plate-plugins: .agents/rules/plate-plugins/rules/capabilities.md:102-113[same], .agents/rules/plate-plugins/rules/creation-flow.md:72-76[same], .agents/rules/plate-plugins/references/plugin-authoring-audit.md:58-59[subset] | vision-detail: docs/vision/plate.md:130-137[same], docs/vision/plite.md:64-68[superset]	agree		docs/vision/plate.md:130-137 (already there)	see copies-all.tsv per copy; best-api text deleted	no		
AI-plugin-names	.agents/rules/best-api/rules/authoring-and-inference.md:178-194	lower camel names; PLUGINS capability names; Heading level; no KEYS/NODES	12	plate-next: .agents/rules/plate-next/rules/review-law.md:134-136[same], .agents/rules/plate-next/rules/review-law.md:145-154[same] | plate-plugins: .agents/rules/plate-plugins.mdc:71-79[superset], .agents/rules/plate-plugins/rules/capabilities.md:132-134[subset], .agents/rules/plate-plugins/rules/typing.md:488-516[same], .agents/rules/plate-plugins/rules/creation-flow.md:66-67[subset], .agents/rules/plate-plugins/references/plugin-authoring-audit.md:69-73[subset] | vision-detail: docs/vision/plate.md:128-129[subset], docs/vision/plate.md:165-168[subset], docs/vision/plate.md:530-531[subset], docs/vision/plite.md:62-63[subset]	agree		docs/vision/plate.md:128-129 (expand with best-api text)	see copies-all.tsv per copy; best-api text deleted	partial	check-plate-schema-adoption.mjs ('registry override keys must use plugin references or PLUGINS'; 'inline literal array items directly')	
AI-state-stores-name	.agents/rules/best-api/rules/authoring-and-inference.md:195-202	state stores descriptor/name not type; no local id from plugin.name	2	vision-detail: docs/vision/plate.md:554-556[same]	agree		docs/vision/plate.md:554-556 (already there)	see copies-all.tsv per copy; best-api text deleted	no		
AI-root-exports	.agents/rules/best-api/rules/authoring-and-inference.md:204-221	roots expose author-facing only; Any*/Internal* private; useCreateEditor/useEditor no generics; Editor naming	12	best-api: .agents/rules/best-api/rules/schema-and-identity.md:102-103[same] | plate-docs: .agents/rules/plate-docs/references/plugin.md:19[conflict] | plate-plugins: .agents/rules/plate-plugins/rules/capabilities.md:134-140[subset] | plate-ui: .agents/rules/plate-ui.mdc:266-267[subset], .agents/rules/plate-ui/rules/component-shape.md:167-173[subset] | vision-detail: docs/vision/plate.md:138-144[same], docs/vision/plate.md:152-158[same], docs/vision/plate.md:212-214[conflict], docs/vision/plite.md:69-74[same], docs/vision/plite.md:112-118[superset], docs/vision/common.md:106-111[superset]	CONFLICT x2	.agents/rules/plate-docs/references/plugin.md:19: best-api authoring-and-inference.md:208 "Plate React creation uses `useCreateEditor(options, deps?)`" vs plugin.md "show `createEditor({ plugins: [...RelevantKit] })` from `platejs/react`" (also :33 "add the plugin to `createEditor`"). Both live: `createEditor || docs/vision/plate.md:212-214: "`useEditor` or `createEditor`... maps them to its `plugins` and `schema` options" vs authoring-and-inference.md:208-210 "React creation uses `useCreateEditor(options, deps?)`; mounted retrieval uses `useEditor()`" (plate.md:142-143 itself agrees with best-api	docs/vision/plate.md:138-144	see copies-all.tsv per copy; best-api text deleted	partial	check-package-declaration-brands.mjs (private brands, compiler types)	GUIDANCE: plate-docs plugin.md:19,33 teach createEditor from platejs/react (374 doc lines) while best-api names only useCreateEditor (175); plate.md:212-214 says useEditor creates (stale). Decide which React construction path docs teach.
AI-plugin-family	.agents/rules/best-api/rules/authoring-and-inference.md:223-229	one Plugin family; PluginReference; PluginDependencyReference shallow	8	plate-docs: .agents/rules/plate-docs/references/plugin.md:93-96[same], .agents/rules/plate-docs/references/plugin.md:101-103[same] | plate-plugins: .agents/rules/plate-plugins/rules/capabilities.md:142-148[same] | vision-root: VISION.md:105[conflict], VISION.md:132[subset] | vision-detail: docs/vision/plate.md:159-164[same], docs/vision/plite.md:75-76[same]	CONFLICT x1	VISION.md:105: VISION "Plite extensions are exact, `name`-identified definitions" (also "extension groups" :100, "plugin and extension arrays" :108) vs authoring-and-inference.md:223 "Plite owns one nominal `Plugin` descriptor family across raw, Base, configured, and React p	check: tooling/scripts/check-package-declaration-brands.mjs (PluginDependencyReference shallow non-generic)	see copies-all.tsv per copy; best-api text deleted	yes	tooling/scripts/check-package-declaration-brands.mjs (PluginDependencyReference shallow non-generic)	
AI-type-provider	.agents/rules/best-api/rules/authoring-and-inference.md:231-242	PluginTypeProvider sole bridge; internals in plitejs/internal	8	plate-docs: .agents/rules/plate-docs/references/plugin.md:97-100[same], .agents/rules/plate-docs/references/plugin.md:106-108[same] | plate-plugins: .agents/rules/plate-plugins/rules/capabilities.md:150-159[same] | vision-root: VISION.md:132[conflict] | vision-detail: docs/vision/plate.md:191-198[same], docs/vision/plite.md:76-80[same], docs/vision/plite.md:108-111[same]	CONFLICT x1	VISION.md:132: VISION "`EditorExtensionTypeProvider` is the sole public value-sensitive capability bridge... stay private inside `plitejs`... Neither distribution exposes an `internal`... escape path" vs authoring-and-inference.md:231-233 "`PluginTypeProvider`... stay in `pl	check: tooling/scripts/check-package-declaration-brands.mjs (TypeLambda internal) + check-plate-schema-adoption.mjs ('plitejs/internal is not a public package entrypoint')	see copies-all.tsv per copy; best-api text deleted	yes	check-package-declaration-brands.mjs + check-plate-schema-adoption.mjs	STALE: VISION.md:132 'EditorExtensionTypeProvider' (0 files; PluginTypeProvider 11) and 'neither distribution exposes an internal ... path' while packages/plitejs/package.json:39 exports ./internal.
AI-descriptor-installed	.agents/rules/best-api/rules/authoring-and-inference.md:244-249	descriptor identity vs installed record	5	plate-docs: .agents/rules/plate-docs/references/plugin.md:102-105[same] | plate-plugins: .agents/rules/plate-plugins/rules/capabilities.md:161-165[same] | vision-detail: docs/vision/plate.md:199-205[same], docs/vision/plite.md:81-88[same]	agree		docs/vision/plate.md:199-205 (already there)	see copies-all.tsv per copy; best-api text deleted	no		
AI-author-source-private	.agents/rules/best-api/rules/authoring-and-inference.md:251-254	author-source vs lowered definition aliases private	5	plate-docs: .agents/rules/plate-docs/references/plugin.md:109-110[same] | plate-plugins: .agents/rules/plate-plugins/rules/capabilities.md:167-169[same] | vision-root: VISION.md:132[same] | vision-detail: docs/vision/plate.md:206-208[same]	agree		check: tooling/scripts/check-package-declaration-brands.mjs ('internal Core author-to-canonical type')	see copies-all.tsv per copy; best-api text deleted	yes	tooling/scripts/check-package-declaration-brands.mjs ('internal Core author-to-canonical type')	
AI-schema-truth-kit	.agents/rules/best-api/rules/authoring-and-inference.md:256-266	schema is AST truth; EditorKit/EditorSchema; no defineEditor	6	plate-docs: .agents/rules/plate-docs.mdc:76-78[mechanics], .agents/rules/plate-docs/references/api-examples.md:57-60[same] | vision-detail: docs/vision/plate.md:209-212[same], docs/vision/plate.md:1107-1108[same], docs/vision/plite.md:89-92[subset]	agree		docs/vision/plate.md:209-212 (already there)	see copies-all.tsv per copy; best-api text deleted	no		
AI-plate-generate	.agents/rules/best-api/rules/authoring-and-inference.md:268-291	plate generate optional compiler; ElementOf/TextOf/ElementWith	10	best-api: .agents/rules/best-api/rules/schema-and-identity.md:38-41[same], .agents/rules/best-api/rules/schema-and-identity.md:300-304[subset], .agents/rules/best-api/rules/schema-and-identity.md:317-320[same] | plate-docs: .agents/rules/plate-docs/references/api-examples.md:60-61[subset] | plate-ui: .agents/rules/plate-ui/rules/component-family.md:89-93[mechanics] | vision-detail: docs/vision/plate.md:181-183[subset], docs/vision/plate.md:214-223[same], docs/vision/plate.md:1110-1115[subset], docs/vision/plite.md:92-99[subset]	agree		docs/vision/plate.md:214-223 (already there)	see copies-all.tsv per copy; best-api text deleted	no		
AI-generated-artifacts-fs	.agents/rules/best-api/rules/authoring-and-inference.md:292-306	generated contracts content-addressed; scratch in tmp; node_modules/.cache	3	vision-detail: docs/vision/plate.md:557-559[subset], docs/vision/common.md:49-52[subset]	agree		docs/vision/plate.md:557-559 (expand with best-api text)	see copies-all.tsv per copy; best-api text deleted	no		
AI-descriptor-component-props	.agents/rules/best-api/rules/authoring-and-inference.md:308-328	EditorElementProps<typeof FooPlugin>; no FooElement alias round trip; WrapRootProps	12	plate-plugins: .agents/rules/plate-plugins.mdc:146-147[subset] | plate-ui: .agents/rules/plate-ui.mdc:142-144[subset], .agents/rules/plate-ui.mdc:250[conflict], .agents/rules/plate-ui.mdc:295-302[superset], .agents/rules/plate-ui.mdc:297[conflict], .agents/rules/plate-ui.mdc:491-496[mechanics], .agents/rules/plate-ui/rules/component-shape.md:19[conflict], .agents/rules/plate-ui/rules/component-shape.md:96-107[superset], .agents/rules/plate-ui/rules/component-shape.md:102[conflict] | vision-detail: docs/vision/plate.md:224-240[same], docs/vision/plate.md:255-258[same]	CONFLICT x4	.agents/rules/plate-ui.mdc:250: best-api authoring-and-inference.md:309 "Use useElement(FooPlugin)" for descriptor-bound components vs plate-ui "Use useElement() for node-context element access" (same at component-shape.md:19). Both overloads live (packages/platejs/src/react/stores/element/u || .agents/rules/plate-ui.mdc:297: Static renderer type name. best-api authoring-and-inference.md:310-311 "EditorElementProps<typeof BaseFooPlugin> for elements" vs plate-ui "the matching Plite*Props<typeof BaseFooPlugin> for static renderers". Live: PliteElementProps/PliteLeafProps/PliteTextPr || .agents/rules/plate-ui/rules/component-shape.md:19: "use useElement() when you need the current element object" vs best-api useElement(FooPlugin); same evidence as plate-ui.mdc:250 row || .agents/rules/plate-ui/rules/component-shape.md:102: "static node component | the matching descriptor-derived Plite props" vs best-api EditorElementProps<typeof BaseFooPlugin>; same evidence as plate-ui.mdc:297 row	docs/vision/plate.md:224-240	see copies-all.tsv per copy; best-api text deleted	no		GUIDANCE: best-api AI:313 'static Plite* equivalents' and plate-ui.mdc:297, component-shape.md:102 'Plite*Props' are stale (0 exports; registry uses EditorElementProps<typeof Base...> from platejs/static in 21 files). useElement() (plate-ui.mdc:250) vs useElement(FooPlugin) (best-api AI:309): both overloads live; pick one to teach.
AI-leaf-decorate	.agents/rules/best-api/rules/authoring-and-inference.md:329-337	decorate output never adds leaf fields; no Reflect.get	3	plate-docs: .agents/rules/plate-docs/references/api-examples.md:10-12[subset] | vision-detail: docs/vision/plate.md:241-244[subset]	agree		docs/vision/plate.md:241-244 (expand with best-api text)	see copies-all.tsv per copy; best-api text deleted	no		
AI-view-element-attrs	.agents/rules/best-api/rules/authoring-and-inference.md:338-346	render.useViewElementAttributes; private binder	8	plate-docs: .agents/rules/plate-docs/references/api-examples.md:16-18[same], .agents/rules/plate-docs/references/api-examples.md:49-52[same] | plate-plugins: .agents/rules/plate-plugins.mdc:127-134[same], .agents/rules/plate-plugins/references/plugin-authoring-audit.md:156-161[same] | plate-ui: .agents/rules/plate-ui.mdc:129-138[same] | vision-root: VISION.md:52[same] | vision-detail: docs/vision/plate.md:269-279[same]	agree		docs/vision/plate.md:269-279 (already there)	see copies-all.tsv per copy; best-api text deleted	no		
AI-wrapper-selector	.agents/rules/best-api/rules/authoring-and-inference.md:347-353	RenderNodeWrapper<typeof FooPlugin>; useElementSelector(FooPlugin)	4	plate-next: .agents/rules/plate-next/rules/review-law.md:490-495[same] | plate-ui: .agents/rules/plate-ui/rules/component-shape.md:107[subset] | vision-detail: docs/vision/plate.md:245-249[same]	agree		docs/vision/plate.md:245-249 (already there)	see copies-all.tsv per copy; best-api text deleted	no		
AI-element-selector-path	.agents/rules/best-api/rules/authoring-and-inference.md:355-361	useElementSelector no position; usePath(path=>path.at(-1))	11	plate-next: .agents/rules/plate-next/rules/review-law.md:394-399[superset], .agents/rules/plate-next/rules/review-law.md:496-500[same] | plate-plugins: .agents/rules/plate-plugins/rules/capabilities.md:606-609[superset] | plate-ui: .agents/rules/plate-ui.mdc:252-256[superset], .agents/rules/plate-ui.mdc:257-261[same], .agents/rules/plate-ui/rules/react-performance.md:98-116[mechanics], .agents/rules/plate-ui/rules/react-performance.md:118-124[same], .agents/rules/plate-ui/rules/component-shape.md:17-29[superset] | vision-detail: docs/vision/plate.md:250-254[same], docs/vision/plate.md:349-351[superset]	agree		docs/vision/plate.md:250-254 (already there)	see copies-all.tsv per copy; best-api text deleted	no		
AI-react-bridge	.agents/rules/best-api/rules/authoring-and-inference.md:363-367	react({ dom })	7	plate-docs: .agents/rules/plate-docs/references/plugin.md:111-113[same] | plate-next: .agents/rules/plate-next/rules/review-law.md:137-141[same] | plate-plugins: .agents/rules/plate-plugins/rules/capabilities.md:171-175[same] | vision-root: VISION.md:133[same] | vision-detail: docs/vision/plate.md:394-396[same], docs/vision/plite.md:134-137[same]	agree		check: check-plate-schema-adoption.mjs ('react requires exactly one { dom } object') + check-plite-docs.mjs	see copies-all.tsv per copy; best-api text deleted	yes	check-plate-schema-adoption.mjs ('react requires exactly one { dom } object') + check-plite-docs.mjs	
AI-DefinitionOf	.agents/rules/best-api/rules/authoring-and-inference.md:369-373	DefinitionOf sole extractor; FooDefinition not FooConfig; no InferConfig	7	plate-docs: .agents/rules/plate-docs/references/plugin.md:74-76[same] | plate-next: .agents/rules/plate-next/rules/audit-modes.md:50-54[same] | plate-plugins: .agents/rules/plate-plugins/rules/capabilities.md:24-27[same] | vision-root: VISION.md:131[same] | vision-detail: docs/vision/plate.md:397-399[same], docs/vision/plite.md:138-140[same]	agree		check: check-plate-schema-adoption.mjs ('aliases derived with DefinitionOf use FooDefinition') + check-plite-docs.mjs	see copies-all.tsv per copy; best-api text deleted	yes	check-plate-schema-adoption.mjs ('aliases derived with DefinitionOf use FooDefinition') + check-plite-docs.mjs	
AI-extend-configure	.agents/rules/best-api/rules/authoring-and-inference.md:375-377	.extend widening, .configure terminal, toReactPlugin; no clone	9	best-api: .agents/rules/best-api/rules/behavior-and-ownership.md:553-565[superset] | plate-docs: .agents/rules/plate-docs/references/plugin.md:72[subset] | plate-plugins: .agents/rules/plate-plugins.mdc:56-57[subset], .agents/rules/plate-plugins/rules/capabilities.md:277-280[same], .agents/rules/plate-plugins/rules/capabilities.md:503-504[same] | plate-ui: .agents/rules/plate-ui.mdc:319-321[subset] | vision-root: VISION.md:130[conflict] | vision-detail: docs/vision/plate.md:400-402[same]	CONFLICT x1	VISION.md:130: VISION "`toPlatePlugin()` belongs at the owning React adapter" vs authoring-and-inference.md:376 "`toReactPlugin()` is the exact Base-to-React adapter". grep toPlatePlugin 0 / toReactPlugin 35. Live: toReactPlugin. (.extend widens, .configure terminal, factori	docs/vision/plate.md:400-402 (already there)	see copies-all.tsv per copy; best-api text deleted	partial	check-plate-schema-adoption.mjs ('configure must be the final plugin authoring call')	
AI-no-compat-alias	.agents/rules/best-api/rules/authoring-and-inference.md:379-381	no compatibility aliases leaving two grammars	8	plate-next: .agents/rules/plate-next/rules/review-law.md:63-64[subset], .agents/rules/plate-next/rules/review-law.md:337-341[subset] | plate-plugins: .agents/rules/plate-plugins.mdc:201-203[mechanics], .agents/rules/plate-plugins.mdc:343-344[subset], .agents/rules/plate-plugins/references/plugin-authoring-audit.md:193[subset] | vision-root: VISION.md:31[subset] | vision-detail: docs/vision/common.md:42[subset]	agree		docs/vision/common.md:42 (expand with best-api text)	see copies-all.tsv per copy; best-api text deleted	no		
AI-schema-creation-owned	.agents/rules/best-api/rules/authoring-and-inference.md:383-396	schema in constructor; schema before callbacks; no replacement via extend/configure	5	plate-plugins: .agents/rules/plate-plugins/rules/capabilities.md:244-244[subset], .agents/rules/plate-plugins/rules/capabilities.md:324-327[subset], .agents/rules/plate-plugins/rules/typing.md:179-188[conflict] | vision-detail: docs/vision/plate.md:566-577[same]	CONFLICT x1	.agents/rules/plate-plugins/rules/typing.md:179-188: Example writes `formats: ...` callback first and `schema: { mark: property.boolean() }` after it (joined onto line 187 as `}), schema:`). best-api AI:386-388 "place `schema` before callbacks whose contextual types consume that schema"; mark-mapping typing depe	docs/vision/plate.md:566-577 (already there)	see copies-all.tsv per copy; best-api text deleted	partial	type + runtime boundary	
SI-name-identity	.agents/rules/best-api/rules/schema-and-identity.md:8-14	name immutable capability id; persisted identity under schema	14	plate-docs: .agents/rules/plate-docs/references/api-examples.md:42-47[same], .agents/rules/plate-docs/references/plugin.md:71[subset] | plate-plugins: .agents/rules/plate-plugins.mdc:71-76[subset], .agents/rules/plate-plugins.mdc:73-74[conflict], .agents/rules/plate-plugins/rules/creation-flow.md:67-70[superset], .agents/rules/plate-plugins/rules/creation-flow.md:69-70[conflict], .agents/rules/plate-plugins/references/plugin-authoring-audit.md:70-71[superset], .agents/rules/plate-plugins/references/plugin-authoring-audit.md:72[conflict] | vision-root: VISION.md:105[subset], VISION.md:105[conflict] | vision-detail: docs/vision/plate.md:123-124[subset], docs/vision/plate.md:125-126[conflict], docs/vision/plite.md:54-63[conflict]	CONFLICT x6	.agents/rules/plate-plugins.mdc:73-74: copy "runtime AST work resolves `.type`/`.key`" vs best-api "Never add universal plugin `.type` / `.key`... Exact consumer portals expose `schema.type`... `schema.key`" (schema-and-identity.md:8-14). Live: `plugin(X).schema.type|key` in 40 files under packages || .agents/rules/plate-plugins/rules/creation-flow.md:69-70: "Runtime AST work resolves the owning `.type`/`.key`" vs best-api SI:13 "Never add universal plugin `.type` / `.key`"; portals expose `schema.type` / `schema.key`. Live: `.schema.type` in 47 packages/**/src files; descriptor `.type` not used. Stale shorthand ( || .agents/rules/plate-plugins/references/plugin-authoring-audit.md:72: "runtime AST work resolves `.type`/`.key`" vs SI:13 "Never add universal plugin `.type` / `.key`"; live code reads `editor.plugin(X).schema.type` (47 src files). Same stale shorthand as creation-flow.md:69-70. || VISION.md:105: VISION "Each defaults to `name` when omitted but may differ at definition time" vs schema-and-identity.md:13-14 "Never add universal plugin `.type` / `.key`, derive a persisted identity from `plugin.name`". Live source defaults to name: packages/platejs/src/in || docs/vision/plate.md:125-126: "Omitted schema identities default to `name`" vs schema-and-identity.md:13-14 "never... derive a persisted identity from `plugin.name`"; live source defaults to name (compilePlateModel.ts:531,992-994) || docs/vision/plite.md:54-63: best-api schema-and-identity.md:8-14 "Persisted identity lives under schema ... Never add universal plugin `.type` / `.key`" vs copy "`name` is descriptor identity; `type` is serialized node identity" and "a different serialized identity belongs in `type`" (ba	docs/vision/plate.md:125-126 (fix wording)	see copies-all.tsv per copy; best-api text deleted	partial	check-plate-schema-adoption.mjs ('element type bindings must not derive from plugin capability names'; 'plugins do not expose universal ...')	GUIDANCE: best-api SI:13-14 'never derive a persisted identity from plugin.name' vs VISION.md:105, plate.md:125-126, review-law.md:142-149 'defaults to name when omitted'; live compilePlateModel.ts:531,992-994 and createPluginContext.internal.ts:355-362 default to plugin.name after app override and authored type. Rule should read: callers never derive; the compiler defaults. Stale '.type/.key' shorthand in plate-plugins.mdc:73-74, creation-flow.md:69-70, plugin-authoring-audit.md:72.
SI-schema-override	.agents/rules/best-api/rules/schema-and-identity.md:15-20	only app final schema overrides type/content; persisted rename = new field + migration	7	plate-docs: .agents/rules/plate-docs/references/api-examples.md:62-63[subset] | plate-next: .agents/rules/plate-next/rules/review-law.md:142-149[conflict] | plate-plugins: .agents/rules/plate-plugins/rules/capabilities.md:274-275[subset], .agents/rules/plate-plugins/rules/capabilities.md:553-555[same] | vision-root: VISION.md:105[subset] | vision-detail: docs/vision/plate.md:566-568[subset]	CONFLICT x1	.agents/rules/plate-next/rules/review-law.md:142-149: best-api schema-and-identity.md:15-17 "Only the consuming application's final schema may override element type" and :13-14 "Never ... derive a persisted identity from `plugin.name`" vs review-law "Element `type` and property `key` ... default to `name` only wh	docs/vision/plate.md:566-568 (expand with best-api text)	see copies-all.tsv per copy; best-api text deleted	no		
SI-direct-access	.agents/rules/best-api/rules/schema-and-identity.md:21-23	direct node.indent; SchemaElementHandle/SchemaPropertyHandle	2	plate-plugins: .agents/rules/plate-plugins/rules/capabilities.md:549-552[subset]	agree		docs/vision/plite.md (new text from best-api)	see copies-all.tsv per copy; best-api text deleted	no		
SI-nodes-set	.agents/rules/best-api/rules/schema-and-identity.md:24-28	tx.nodes.set({ key: value }) object patch	3	plate-plugins: .agents/rules/plate-plugins/rules/capabilities.md:282-286[same] | vision-detail: docs/vision/plate.md:419-425[same]	agree		docs/vision/plate.md:419-425 (already there)	see copies-all.tsv per copy; best-api text deleted	no		
SI-aliased-property	.agents/rules/best-api/rules/schema-and-identity.md:29-37	property.key alias; tx.nodes.unset; no scalar set/tx.properties	3	plate-plugins: .agents/rules/plate-plugins/rules/capabilities.md:286-293[same] | vision-detail: docs/vision/plate.md:422-425[same]	agree		docs/vision/plate.md:422-425 (already there)	see copies-all.tsv per copy; best-api text deleted	partial	check-plate-schema-adoption.mjs deleted-symbol lists (tx.properties) — verify coverage	
SI-shallow-capabilities	.agents/rules/best-api/rules/schema-and-identity.md:38-41	raw capabilities shallow; exact Value only in generated	1		no copies		merge with AI-plate-generate (new text from best-api)	see copies-all.tsv per copy; best-api text deleted	no		
SI-generated-fingerprint	.agents/rules/best-api/rules/schema-and-identity.md:42-46	JSON contract owns fingerprint, no TS constant	2	vision-detail: docs/vision/plate.md:217-219[subset]	agree		docs/vision/plate.md:217-219 (expand with best-api text)	see copies-all.tsv per copy; best-api text deleted	no		
SI-root-schema	.agents/rules/best-api/rules/schema-and-identity.md:48-58	root only when differs; schema.content.prefix	3	vision-detail: docs/vision/plate.md:503-505[conflict], docs/vision/plite.md:100-102[subset]	CONFLICT x1	docs/vision/plate.md:503-505: "Positional document policy uses an app-owned convergent correction that constructs complete schema-valid nodes" vs schema-and-identity.md:57-58 "App-owned corrections do not enforce document positions that the canonical schema can declare" (schema.content.pre	docs/vision/plite.md:100-102 (expand with best-api text)	see copies-all.tsv per copy; best-api text deleted	no		
SI-complete-schema-root	.agents/rules/best-api/rules/schema-and-identity.md:59-60	root: SchemaContent; roots map directly	3	plate-docs: .agents/rules/plate-docs/references/api-examples.md:36[subset] | plate-plugins: .agents/rules/plate-plugins/rules/capabilities.md:539-540[same]	agree		docs/vision/plite.md (new text from best-api)	see copies-all.tsv per copy; best-api text deleted	no		
SI-omitted-defaults	.agents/rules/best-api/rules/schema-and-identity.md:61-62	omitted elements {}; unknown reject	3	plate-docs: .agents/rules/plate-docs/references/api-examples.md:36[subset] | plate-plugins: .agents/rules/plate-plugins/rules/capabilities.md:540-541[same]	agree		docs/vision/plite.md (new text from best-api)	see copies-all.tsv per copy; best-api text deleted	no		
SI-textBlock	.agents/rules/best-api/rules/schema-and-identity.md:63-64	schema.element.textBlock()	3	plate-docs: .agents/rules/plate-docs/references/api-examples.md:37[same] | plate-plugins: .agents/rules/plate-plugins/rules/capabilities.md:537-538[same]	agree		docs/vision/plite.md (new text from best-api)	see copies-all.tsv per copy; best-api text deleted	partial	check-plate-schema-adoption.mjs ('non-void element schema requires explicit content')	
SI-property-json	.agents/rules/best-api/rules/schema-and-identity.md:65-66	property.json PropertyJsonValue; validationVersion	3	plate-docs: .agents/rules/plate-docs/references/api-examples.md:38[subset] | plate-plugins: .agents/rules/plate-plugins/rules/capabilities.md:542-543[same]	agree		docs/vision/plite.md (new text from best-api)	see copies-all.tsv per copy; best-api text deleted	no		
SI-metadata-role	.agents/rules/best-api/rules/schema-and-identity.md:67-69	role: "metadata" on placement	3	plate-docs: .agents/rules/plate-docs/references/api-examples.md:38-39[same] | plate-plugins: .agents/rules/plate-plugins/rules/capabilities.md:544-545[same]	agree		docs/vision/plite.md (new text from best-api)	see copies-all.tsv per copy; best-api text deleted	no		
SI-lineage-blockContent	.agents/rules/best-api/rules/schema-and-identity.md:70-76	schema id/version; blockContent; isBlockContent	6	plate-docs: .agents/rules/plate-docs/references/api-examples.md:34-35[superset], .agents/rules/plate-docs/references/api-examples.md:39[subset] | plate-plugins: .agents/rules/plate-plugins/rules/capabilities.md:546-548[subset] | vision-detail: docs/vision/plate.md:411-413[subset], docs/vision/plate.md:1109-1110[subset]	agree		docs/vision/plate.md:411-413 (expand with best-api text)	see copies-all.tsv per copy; best-api text deleted	partial	check-plate-schema-adoption.mjs ('private Plate block-content schema group')	
SI-runtime-verbs	.agents/rules/best-api/rules/schema-and-identity.md:77-79	schema.create/assertDocument/assertFragment/isMarkableVoid	3	plate-docs: .agents/rules/plate-docs/references/api-examples.md:39-40[subset] | plate-plugins: .agents/rules/plate-plugins/rules/capabilities.md:556-558[same]	agree		docs/vision/plite.md (new text from best-api)	see copies-all.tsv per copy; best-api text deleted	no		
SI-unknown-predicate	.agents/rules/best-api/rules/schema-and-identity.md:80-83	predicate over unknown validates every required field	2	vision-detail: docs/vision/plite.md:103-107[superset]	agree		docs/vision/plite.md:103-107 (already fuller)	see copies-all.tsv per copy; best-api text deleted	no		
SI-schema-handles	.agents/rules/best-api/rules/schema-and-identity.md:84-86	schema.handle.* raw; Plate passes descriptor	4	plate-docs: .agents/rules/plate-docs/references/api-examples.md:40-41[subset] | plate-plugins: .agents/rules/plate-plugins/rules/capabilities.md:559-561[same] | plate-ui: .agents/rules/plate-ui.mdc:279-287[subset]	agree		docs/vision/plite.md (new text from best-api)	see copies-all.tsv per copy; best-api text deleted	partial	check-plate-schema-adoption.mjs (raw schema query allowlist)	
SI-descriptor-queries	.agents/rules/best-api/rules/schema-and-identity.md:87-89	descriptor-aware queries identity only	3	plate-plugins: .agents/rules/plate-plugins/rules/capabilities.md:562-564[same] | vision-detail: docs/vision/plate.md:408-410[same]	agree		docs/vision/plate.md:408-410 (already there)	see copies-all.tsv per copy; best-api text deleted	no		
SI-traversal-selector	.agents/rules/best-api/rules/schema-and-identity.md:90-101	type: FooPlugin + match fn; split: {type, match}; no object DSL	4	plate-plugins: .agents/rules/plate-plugins/rules/capabilities.md:582-598[superset] | plate-ui: .agents/rules/plate-ui.mdc:279-287[superset] | vision-detail: docs/vision/plate.md:414-418[subset]	agree		docs/vision/plate.md:414-418 (expand with best-api text)	see copies-all.tsv per copy; best-api text deleted	no		
SI-compiler-witness	.agents/rules/best-api/rules/schema-and-identity.md:102-103	compiler witnesses internal	3	plate-next: .agents/rules/plate-next/rules/ownership-and-correction.md:134-136[same] | plate-plugins: .agents/rules/plate-plugins/rules/capabilities.md:565-567[same]	agree		check: tooling/scripts/check-package-declaration-brands.mjs ('private plugin witness')	see copies-all.tsv per copy; best-api text deleted	yes	tooling/scripts/check-package-declaration-brands.mjs ('private plugin witness')	
SI-static-inference	.agents/rules/best-api/rules/schema-and-identity.md:104-106	static value inference preserves legal children	2	vision-detail: docs/vision/plite.md:335-336[same]	agree		docs/vision/plite.md:335-336 (already there)	see copies-all.tsv per copy; best-api text deleted	no		
SI-requiredness	.agents/rules/best-api/rules/schema-and-identity.md:107-110	canonical output requiredness	2	vision-detail: docs/vision/plite.md:336-338[same]	agree		docs/vision/plite.md:336-338 (already there)	see copies-all.tsv per copy; best-api text deleted	no		
SI-cardinality	.agents/rules/best-api/rules/schema-and-identity.md:111-112	min/max runtime not tuple length	2	vision-detail: docs/vision/plite.md:338-339[same]	agree		docs/vision/plite.md:338-339 (already there)	see copies-all.tsv per copy; best-api text deleted	no		
SI-migration	.agents/rules/best-api/rules/schema-and-identity.md:114-146	document migration envelope; defineDocumentMigrations; v54; migrateDocument	5	plate-docs: .agents/rules/plate-docs/references/api-examples.md:64-73[superset] | plate-plugins: .agents/rules/plate-plugins/rules/capabilities.md:229-236[subset] | vision-detail: docs/vision/plate.md:437-447[same], docs/vision/plate.md:448-451[subset]	agree		docs/vision/plate.md:437-447	see copies-all.tsv per copy; best-api text deleted	no		FLAG: 'Plate's approved next target is v54. Do not create v55 ...' (SI:130-132) is a release fact, not taste; home it in changeset/release-lanes or the persistence plan, not Vision.
SI-install-view	.agents/rules/best-api/rules/schema-and-identity.md:148-152	editor.install(...); createEditorView; no editor.extend	4	plate-plugins: .agents/rules/plate-plugins/rules/capabilities.md:569-574[same] | vision-detail: docs/vision/plate.md:403-407[same], docs/vision/plite.md:161-165[same]	agree		docs/vision/plate.md:403-407 (already there)	see copies-all.tsv per copy; best-api text deleted	no		
SI-nodekey-api	.agents/rules/best-api/rules/schema-and-identity.md:156-161	editor.key(); state.nodes.path(key)	4	plate-plugins: .agents/rules/plate-plugins.mdc:89-90[same] | plate-ui: .agents/rules/plate-ui.mdc:254[superset] | vision-detail: docs/vision/plite.md:419-421[same]	agree		docs/vision/plite.md:419-421 (already there)	see copies-all.tsv per copy; best-api text deleted	no		
SI-nodekey-roots	.agents/rules/best-api/rules/schema-and-identity.md:163-168	keys unique across roots; path per root	2	vision-detail: docs/vision/plite.md:426-434[superset]	agree		docs/vision/plite.md:426-434 (already fuller)	see copies-all.tsv per copy; best-api text deleted	no		
SI-nodekey-lifetime	.agents/rules/best-api/rules/schema-and-identity.md:170-184	NodeKey lifetime; opaque; prepared keys	5	plate-plugins: .agents/rules/plate-plugins.mdc:93-93[subset] | vision-detail: docs/vision/plate.md:363[subset], docs/vision/plite.md:425-426[conflict], docs/vision/plite.md:419-425[subset]	CONFLICT x1	docs/vision/plite.md:425-426: soft. best-api schema-and-identity.md:178-184 "Pure detached transaction-spec builders may consume an existing live key ... They may also assign a private prepared key to a fresh detached node" vs copy "Pure detached transaction-spec builders may consume exist	docs/vision/plate.md:363 (expand with best-api text)	see copies-all.tsv per copy; best-api text deleted	no		
SI-key-naming-dom	.agents/rules/best-api/rules/schema-and-identity.md:186-200	key/id/ref naming; data-plite-node-key; resolveDOMNode	4	plate-plugins: .agents/rules/plate-plugins.mdc:91-96[same] | vision-detail: docs/vision/plate.md:352-358[subset], docs/vision/plite.md:435-437[subset]	agree		docs/vision/plate.md:352-358 (merge into BA-identity-names)	see copies-all.tsv per copy; best-api text deleted	partial	oxlint.config.ts (same new literal check)	STALE: data-plite-node-key; see BA-identity-names.
SI-element-id	.agents/rules/best-api/rules/schema-and-identity.md:202-212	ElementIdPlugin owns persisted id	3	plate-plugins: .agents/rules/plate-plugins.mdc:92-93[subset] | vision-detail: docs/vision/plate.md:353-363[same]	agree		docs/vision/plate.md:353-363 (already there)	see copies-all.tsv per copy; best-api text deleted	no		
SI-element-id-persistence	.agents/rules/best-api/rules/schema-and-identity.md:214-224	read.id(key); Markdown block id	2	vision-detail: docs/vision/plate.md:367-373[same]	agree		docs/vision/plate.md:367-373 (already there)	see copies-all.tsv per copy; best-api text deleted	no		
SI-request-local-refs	.agents/rules/best-api/rules/schema-and-identity.md:226-229	request-local refs b1/c1	2	vision-detail: docs/vision/plate.md:364-366[same]	agree		docs/vision/plate.md:364-366 (already there)	see copies-all.tsv per copy; best-api text deleted	no		
SI-plugin-state-channel	.agents/rules/best-api/rules/schema-and-identity.md:231-238	initialState/store one channel; no getOption/setOption/usePluginOption	8	plate-next: .agents/rules/plate-next/rules/review-law.md:196-202[same], .agents/rules/plate-next/rules/review-law.md:512-515[same] | plate-plugins: .agents/rules/plate-plugins.mdc:322-325[mechanics], .agents/rules/plate-plugins/rules/capabilities.md:316-323[same], .agents/rules/plate-plugins/rules/capabilities.md:383-384[subset], .agents/rules/plate-plugins/references/plugin-authoring-audit.md:184[subset] | vision-detail: docs/vision/plate.md:578-586[same]	agree		check: check-plate-schema-adoption.mjs ('deleted Plate plugin contract symbol')	see copies-all.tsv per copy; best-api text deleted	yes	check-plate-schema-adoption.mjs ('deleted Plate plugin contract symbol')	
SI-capability-table	.agents/rules/best-api/rules/schema-and-identity.md:240-263	plugin capability field table (initialState/store/selectors/api/read/update/native/formats/dataTransferFormats)	20	plate-docs: .agents/rules/plate-docs/references/plugin.md:55-56[subset] | plate-next: .agents/rules/plate-next/rules/review-law.md:35-36[conflict], .agents/rules/plate-next/rules/review-law.md:175-190[subset], .agents/rules/plate-next/rules/review-law.md:446-450[subset], .agents/rules/plate-next/rules/review-law.md:470-481[superset], .agents/rules/plate-next/rules/audit-modes.md:70-74[subset], .agents/rules/plate-next/rules/audit-modes.md:82-88[superset] | plate-plugins: .agents/rules/plate-plugins/rules/capabilities.md:202-215[conflict], .agents/rules/plate-plugins/rules/capabilities.md:217-227[superset], .agents/rules/plate-plugins/rules/capabilities.md:398-400[subset], .agents/rules/plate-plugins/rules/capabilities.md:401-403[conflict], .agents/rules/plate-plugins/rules/capabilities.md:409-411[subset], .agents/rules/plate-plugins/rules/typing.md:120-126[subset], .agents/rules/plate-plugins/rules/creation-flow.md:181-185[subset], .agents/rules/plate-plugins/references/plugin-authoring-audit.md:121-125[same] | vision-root: VISION.md:129[subset] | vision-detail: docs/vision/plate.md:515-516[subset], docs/vision/plate.md:601-607[same], docs/vision/plite.md:303-308[superset]	CONFLICT x3	.agents/rules/plate-next/rules/review-law.md:35-36: best-api schema-and-identity.md:249-263 `api` rejection test "it is really a snapshot query"; "Document reads belong in `read`" vs review-law "reads/services on `editor.api.<owner>` or scoped `editor.plugin(FooPlugin).api`". (review-law.md:181-184 states the t || .agents/rules/plate-plugins/rules/capabilities.md:202-215: api row: copy "never mutate the document" vs best-api "stable plugin services, including a complete action that owns exactly one update and cannot compose against a supplied tx... history replay is the canonical case" (schema-and-identity.md:249,256-263). Live || .agents/rules/plate-plugins/rules/capabilities.md:401-403: copy "Document mutation still belongs exclusively in `update`." vs best-api "It may also own a complete document action when the job must select published state, open exactly one update, and return the outcome of that update" (schema-and-identity.md:256-263). 	docs/vision/plate.md:601-607	see copies-all.tsv per copy; best-api text deleted	no		CONFLICT: plate-plugins capabilities.md:202-215 calls itself 'the canonical Plate plugin capability protocol' and says api never mutates (also :401-403); review-law.md:175 names that file the sole owner; review-law.md:35-36 puts reads on api. Live api.history.undo (29 files) sides with best-api. Two current canonical claims (best-api SI:240-263 and capabilities.md:200).
SI-api-factory-only	.agents/rules/best-api/rules/schema-and-identity.md:265-270	api: () => ({...}); no configure({ api })	6	plate-docs: .agents/rules/plate-docs/references/plugin.md:77-80[same] | plate-plugins: .agents/rules/plate-plugins/rules/capabilities.md:404-408[same] | vision-root: VISION.md:106[same] | vision-detail: docs/vision/plate.md:735-738[same], docs/vision/plite.md:284-285[same]	agree		check: check-plate-schema-adoption.mjs ('plugin api factory receives one context object'; 'cannot be configured'; 'must be declared as a factory')	see copies-all.tsv per copy; best-api text deleted	yes	check-plate-schema-adoption.mjs ('plugin api factory receives one context object'; 'cannot be configured'; 'must be declared as a factory')	
SI-capability-projection	.agents/rules/best-api/rules/schema-and-identity.md:272-276	editor.api.<name>/read/update projection	4	plate-plugins: .agents/rules/plate-plugins/rules/capabilities.md:415-418[superset], .agents/rules/plate-plugins/references/plugin-authoring-audit.md:135-137[same] | vision-detail: docs/vision/plite.md:168-170[subset]	agree		check: check-plate-schema-adoption.mjs + check-plite-docs.mjs	see copies-all.tsv per copy; best-api text deleted	yes	check-plate-schema-adoption.mjs + check-plite-docs.mjs	
SI-factory-narrowing	.agents/rules/best-api/rules/schema-and-identity.md:278-284	factory input narrows inferred API	5	plate-plugins: .agents/rules/plate-plugins/references/plugin-authoring-audit.md:59-61[same] | vision-detail: docs/vision/plate.md:87-88[subset], docs/vision/plite.md:64-66[subset], docs/vision/plite.md:182-183[subset]	agree		docs/vision/plate.md:87-88 (expand with best-api text)	see copies-all.tsv per copy; best-api text deleted	no		
SI-host-resources	.agents/rules/best-api/rules/schema-and-identity.md:286-293	external resources in host factory args; admission latched	4	plate-plugins: .agents/rules/plate-plugins/references/plugin-authoring-audit.md:55-56[subset] | vision-detail: docs/vision/plate.md:85-87[subset], docs/vision/plite.md:176-186[superset]	agree		docs/vision/plite.md:176-186 (already fuller)	see copies-all.tsv per copy; best-api text deleted	no		
SI-element-crud	.agents/rules/best-api/rules/schema-and-identity.md:295-315	synthesized insert/set/remove/toggle; delete insertTable aliases	6	plate-plugins: .agents/rules/plate-plugins/rules/capabilities.md:295-304[conflict], .agents/rules/plate-plugins/rules/typing.md:307-328[conflict], .agents/rules/plate-plugins/references/plugin-authoring-audit.md:145[subset], .agents/rules/plate-plugins/references/plugin-authoring-audit.md:186[subset] | vision-detail: docs/vision/plate.md:619-641[conflict]	CONFLICT x3	.agents/rules/plate-plugins/rules/capabilities.md:295-304: copy: block portals expose `upsert`; `insert` "uses the same source policy" (replace a different empty editable block, sibling for a matching empty block; `replaceEmpty` overrides) vs best-api "`insert`... inserts a block after the selected block", no `upsert` || .agents/rules/plate-plugins/rules/typing.md:307-328: Example authors `insertFoo(id)` and `insertFooPair` on Foo's own `update`. best-api SI:313-315 "Delete redundant noun aliases such as `insertTable`" and SI:322-325 custom insertion is `insert(input?, nodeOptions?)`; same skill's plugin-authoring-audit.md:145 s || docs/vision/plate.md:619-641: superset (adds `upsert` and replaceEmpty law best-api lacks) and contradicts schema-and-identity.md:305-307 "`insert`... inserts a block after the selected block": plate.md says `insert` follows upsert's source policy, so it replaces a different empty editable	docs/vision/plate.md:619-641 (already fuller; matches source)	see copies-all.tsv per copy; best-api text deleted	no		GUIDANCE: best-api SI:305-307 ('insert ... after the selected block', no upsert) is stale; live resolvePlugins.ts:1413-1460 runs insert and upsert through applyBlockInsertion (replaces an empty block). Do not move best-api text; take plate.md. plate-plugins typing.md:307-328 insertFoo/insertFooPair examples also break the noun-alias ban.
SI-override-compiler	.agents/rules/best-api/rules/schema-and-identity.md:317-320	app schema overrides are compiler boundary	2	vision-detail: docs/vision/plate.md:642-644[same]	agree		docs/vision/plate.md:642-644 (already there)	see copies-all.tsv per copy; best-api text deleted	no		
SI-insert-signature	.agents/rules/best-api/rules/schema-and-identity.md:322-328	insert(input?, nodeOptions?); no Insert*Options	5	plate-plugins: .agents/rules/plate-plugins/rules/capabilities.md:295-304[superset], .agents/rules/plate-plugins/rules/typing.md:66-83[conflict], .agents/rules/plate-plugins/rules/typing.md:428-446[conflict] | vision-detail: docs/vision/plate.md:645-651[superset]	CONFLICT x2	.agents/rules/plate-plugins/rules/typing.md:66-83: Example authors custom `insert(options?: InsertFooOptionsFor<Foo>)` taking only node options and exports `type InsertFooOptions`. best-api SI:322-328 "`insert(input?, nodeOptions?)` ... Never ... publish an `Insert*Options` compiler-ferry type. If schema defau || .agents/rules/plate-plugins/rules/typing.md:428-446: `type FooTx = { insertFoo: (options: InsertFooOptions) => void }`: an options-only noun-prefixed insert plus `Insert*Options` ferry type, both rejected by SI:313-315,322-328.	docs/vision/plate.md:645-651	see copies-all.tsv per copy; best-api text deleted	partial	check-package-declaration-brands.mjs (new: reject exported Insert*Options; 0 today)	CONFLICT: plate-plugins typing.md:66-83, 428-446 examples export InsertFooOptions; best-api BO:605-607 (public aliases from typeof FinalPlugin) vs SI:326 (no Insert*Options) need one reading.
SI-scoped-update-portal	.agents/rules/best-api/rules/schema-and-identity.md:330-351	editor.plugin(P).update(policy); tx.plugin(name) escape hatch; never editor.plugin(name)	16	best-api: .agents/rules/best-api/rules/behavior-and-ownership.md:396-402[same] | best-api-review: .agents/rules/best-api-review.mdc:35[superset] | plate-next: .agents/rules/plate-next/rules/review-law.md:270-283[same], .agents/rules/plate-next/rules/audit-modes.md:75-81[same], .agents/rules/plate-next/rules/audit-modes.md:261-264[mechanics] | plate-plugins: .agents/rules/plate-plugins.mdc:340-340[subset], .agents/rules/plate-plugins/rules/capabilities.md:189-191[subset], .agents/rules/plate-plugins/rules/capabilities.md:457-466[subset], .agents/rules/plate-plugins/rules/capabilities.md:473-475[subset], .agents/rules/plate-plugins/rules/typing.md:321-326[conflict], .agents/rules/plate-plugins/rules/typing.md:355-367[same], .agents/rules/plate-plugins/references/plugin-authoring-audit.md:190[subset] | vision-detail: docs/vision/plate.md:652-666[same], docs/vision/plate.md:789-794[subset], docs/vision/plite.md:381-388[conflict]	CONFLICT x2	.agents/rules/plate-plugins/rules/typing.md:321-326: Example calls `tx.plugin(BaseFooPlugin.name).insertFoo(...)` inside BaseFooPlugin's own later stage (owner holds the descriptor). best-api SI:333-342 / BO:397-400: descriptor input "when it owns the descriptor"; name input only when importing would create the  || docs/vision/plite.md:381-388: best-api schema-and-identity.md:337-339 "name input is the explicitly erased decoupled path ... carries no static capability contract and must never be described as fully typed"; :349 "Generated closed editors may also expose `tx.pluginName.method()`" vs copy 	docs/vision/plate.md:652-666	see copies-all.tsv per copy; best-api text deleted	no		GUIDANCE: best-api SI:337-339 'name input ... must never be described as fully typed' vs plite.md:381-388 and live interfaces/editor.ts:3355-3363 typed keyof overload. Self-stage tx.plugin(plugin.name) is live in 5 files (BaseFootnotePlugin, BaseDetailsPlugin) and has no rule. Owner must pick before the move.
BO-complexity-budget	.agents/rules/best-api/rules/behavior-and-ownership.md:3-27	public complexity budget reject list	17	best-api-review: .agents/rules/best-api-review.mdc:72[subset] | plate-next: .agents/rules/plate-next/rules/review-law.md:60-63[subset], .agents/rules/plate-next/rules/review-law.md:65-68[subset], .agents/rules/plate-next/rules/review-law.md:69-73[subset], .agents/rules/plate-next/rules/ownership-and-correction.md:137-138[subset], .agents/rules/plate-next/rules/audit-modes.md:38-40[subset] | plate-plugins: .agents/rules/plate-plugins.mdc:339-339[subset], .agents/rules/plate-plugins/rules/capabilities.md:449-451[subset], .agents/rules/plate-plugins/references/feature/proof-routing.md:49[mechanics] | plate-ui: .agents/rules/plate-ui.mdc:244-249[subset], .agents/rules/plate-ui/rules/component-family.md:145[subset] | vision-root: VISION.md:33[subset], VISION.md:126[subset] | vision-detail: docs/vision/plate.md:105-107[subset], docs/vision/common.md:25-27[subset], docs/vision/common.md:44-46[superset]	agree		docs/vision/common.md:44-46 (already fuller)	see copies-all.tsv per copy; best-api text deleted	no		
BO-perf-law	.agents/rules/best-api/rules/behavior-and-ownership.md:29-31	perf law executable; benchmark probe	1		no copies		merge with BA-scale-gate (new text from best-api)	see copies-all.tsv per copy; best-api text deleted	no		
BO-supported-domain	.agents/rules/best-api/rules/behavior-and-ownership.md:33-41	supported-domain gate; no isolated extremal guarantees	2	vision-detail: docs/vision/common.md:59-63[same]	agree		docs/vision/common.md:59-63 (already there)	see copies-all.tsv per copy; best-api text deleted	no		
BO-concept-survival	.agents/rules/best-api/rules/behavior-and-ownership.md:43-60	every concept must prove survival	3	vision-detail: docs/vision/plite.md:48[subset], docs/vision/common.md:22-24[same]	agree		docs/vision/common.md:22-24 (already there)	see copies-all.tsv per copy; best-api text deleted	no		
BO-behavior-classes	.agents/rules/best-api/rules/behavior-and-ownership.md:62-77	invariant/parameter/substitutable/product policy table	7	best-api: .agents/rules/best-api.mdc:1044-1045[same] | plate-next: .agents/rules/plate-next/rules/review-law.md:567-569[subset] | vision-root: VISION.md:128[same] | vision-detail: docs/vision/plate.md:71-73[subset], docs/vision/plate.md:101-104[same], docs/vision/plate.md:667-670[same]	agree		docs/vision/plate.md:101-104 (already there)	see copies-all.tsv per copy; best-api text deleted	no		
BO-PluginState	.agents/rules/best-api/rules/behavior-and-ownership.md:79-83	named *PluginState per owner; typed defaults; no satisfies	7	plate-next: .agents/rules/plate-next/rules/review-law.md:191-196[same] | plate-plugins: .agents/rules/plate-plugins/rules/capabilities.md:308-318[same], .agents/rules/plate-plugins/rules/typing.md:16-30[conflict], .agents/rules/plate-plugins/rules/typing.md:414-450[mechanics], .agents/rules/plate-plugins/rules/typing.md:526-534[conflict] | vision-detail: docs/vision/plate.md:593-597[same]	CONFLICT x2	.agents/rules/plate-plugins/rules/typing.md:16-30: Example exports BaseFooPlugin with inferred `initialState: { enabled: true }` and no named contract. best-api BO:79-82 "require one named `*PluginState` contract per production owner and export it with an exported descriptor ... never make the first default ob || .agents/rules/plate-plugins/rules/typing.md:526-534: Copy: `initialState: { trigger: '@' as const }` + "Do not create a separate type solely to ferry the literal elsewhere." best-api BO:79-82: named exported `*PluginState`; "never make the first default object the public contract through inference, `as`, or `sat	docs/vision/plate.md:593-597	see copies-all.tsv per copy; best-api text deleted	partial	check-plate-schema-adoption.mjs (new: reject as/satisfies on default initialState)	CONFLICT: plate-plugins typing.md:16-30 and 526-534 examples use inferred initialState and 'as const' with no named *PluginState.
BO-relationships	.agents/rules/best-api/rules/behavior-and-ownership.md:85-93	dependencies vs optional vs app arrays	4	plate-next: .agents/rules/plate-next/rules/review-law.md:329-331[superset] | plate-plugins: .agents/rules/plate-plugins/rules/capabilities.md:392-394[superset] | vision-detail: docs/vision/plate.md:682-686[same]	agree		docs/vision/plate.md:682-686 (already there)	see copies-all.tsv per copy; best-api text deleted	no		
BO-registry-optional-imports	.agents/rules/best-api/rules/behavior-and-ownership.md:95-101	registry may import optional platejs/<feature>; no *Integrations file	3	plate-ui: .agents/rules/plate-ui.mdc:228-236[same] | vision-detail: docs/vision/plate.md:926-930[same]	agree		docs/vision/plate.md:926-930 (already there)	see copies-all.tsv per copy; best-api text deleted	no		
BO-no-optional-wrapper	.agents/rules/best-api/rules/behavior-and-ownership.md:103-106	no { optional: Plugin }	2	vision-detail: docs/vision/plate.md:686-688[same]	agree		docs/vision/plate.md:686-688 (already there)	see copies-all.tsv per copy; best-api text deleted	no		
BO-package-kit-ban	.agents/rules/best-api/rules/behavior-and-ownership.md:108-114	no package-root *Kit export	6	plate-plugins: .agents/rules/plate-plugins.mdc:64-66[same], .agents/rules/plate-plugins/rules/creation-flow.md:102-106[same] | plate-ui: .agents/rules/plate-ui/rules/component-family.md:81-82[subset] | vision-detail: docs/vision/plate.md:67-69[subset], docs/vision/plate.md:676-679[same]	agree		check: check-plate-schema-adoption.mjs (new)	see copies-all.tsv per copy; best-api text deleted	yes	check-plate-schema-adoption.mjs (new)	
BO-registry-FooKit	.agents/rules/best-api/rules/behavior-and-ownership.md:116-123	registry uses FooKit value; file is feature name not link-kit; no FooPlugins	6	plate-docs: .agents/rules/plate-docs/references/plugin.md:13-19[mechanics] | plate-ui: .agents/rules/plate-ui.mdc:70-71[same], .agents/rules/plate-ui/rules/component-family.md:55-56[same], .agents/rules/plate-ui/rules/component-family.md:80-82[same] | vision-detail: docs/vision/plate.md:942-943[same]	agree		docs/vision/plate.md:942-943 (already there)	see copies-all.tsv per copy; best-api text deleted	partial	apps/www/scripts/check-registry-source.mts (new: file/item naming)	
BO-default-composition-lineage	.agents/rules/best-api/rules/behavior-and-ownership.md:125-132	copied default composition exports plugins only; no schema ID/migrations	3	plate-ui: .agents/rules/plate-ui/rules/registry.md:77-82[same] | vision-detail: docs/vision/plate.md:1124-1130[same]	agree		check: check-plate-schema-adoption.mjs ('ordinary Plate editor construction must use derived schema identity' + named lineage allowlist)	see copies-all.tsv per copy; best-api text deleted	yes	check-plate-schema-adoption.mjs ('ordinary Plate editor construction must use derived schema identity' + named lineage allowlist)	
BO-components-editor-ns	.agents/rules/best-api/rules/behavior-and-ownership.md:134-144	flat components/editor; components/ui shadcn; semantic names; foo/foo-static items	11	plate-next: .agents/rules/plate-next/rules/audit-modes.md:99-103[same], .agents/rules/plate-next/rules/audit-modes.md:108-114[subset] | plate-plugins: .agents/rules/plate-plugins/references/feature/phases.md:53-55[subset] | plate-ui: .agents/rules/plate-ui.mdc:68-69[subset], .agents/rules/plate-ui/rules/component-shape.md:233-234[subset], .agents/rules/plate-ui/rules/component-family.md:46-51[same], .agents/rules/plate-ui/rules/component-family.md:57-61[same], .agents/rules/plate-ui/rules/component-family.md:62-70[superset], .agents/rules/plate-ui/rules/component-family.md:83-88[superset] | vision-detail: docs/vision/plate.md:940-946[superset]	agree		docs/vision/plate.md:940-946 (already fuller)	see copies-all.tsv per copy; best-api text deleted	partial	apps/www/scripts/check-registry-source.mts (new: flat components/editor, no -node/-element names)	
BO-primitive-variants	.agents/rules/best-api/rules/behavior-and-ownership.md:146-152	Radix/Base UI/React Aria variants install-time; no runtime base switch	11	plate-next: .agents/rules/plate-next/rules/audit-modes.md:115-119[same] | plate-plugins: .agents/rules/plate-plugins/references/feature/phases.md:54-55[subset] | plate-ui: .agents/rules/plate-ui.mdc:72-81[superset], .agents/rules/plate-ui.mdc:72[conflict], .agents/rules/plate-ui.mdc:350-352[mechanics], .agents/rules/plate-ui/rules/component-family.md:94-98[superset], .agents/rules/plate-ui/rules/component-family.md:99-101[superset], .agents/rules/plate-ui/rules/component-family.md:102-104[same] | vision-detail: docs/vision/plate.md:946-949[same], docs/vision/plate.md:954-956[conflict]	CONFLICT x2	.agents/rules/plate-ui.mdc:72: Supported provider set. best-api behavior-and-ownership.md:146-148 "Radix, Base UI, and React Aria implementations of one editor component write to the same installed target" vs plate-ui "Plate supports Radix and Base UI." Live: apps/www/src/registry/bases/ ho || docs/vision/plate.md:954-956: "Plate registry provider support is explicit and narrower than any upstream preset catalog. Base is the default; Radix remains explicit." vs behavior-and-ownership.md:146-148 "Radix, Base UI, and React Aria implementations of one editor component". grep react-	docs/vision/plate.md:946-949	see copies-all.tsv per copy; best-api text deleted	no		GUIDANCE: best-api BO:146-148 and plate-ui component-family.md:94-96 name React Aria; plate-ui.mdc:72, plate.md:954-956 and live apps/www/src/registry/bases/{base,radix} support Base + Radix only (react-aria in 0 registry files). Dropping React Aria narrows the stated provider set.
BO-no-BaseFooKit-split	.agents/rules/best-api/rules/behavior-and-ownership.md:154-161	no BaseFooKit/FooKit split without platform difference	7	plate-ui: .agents/rules/plate-ui.mdc:310-314[same], .agents/rules/plate-ui.mdc:519-540[mechanics], .agents/rules/plate-ui.mdc:577-578[mechanics], .agents/rules/plate-ui/rules/component-shape.md:211-227[mechanics], .agents/rules/plate-ui/references/component-audit.md:72-74[subset] | vision-detail: docs/vision/plate.md:689-693[same]	agree		docs/vision/plate.md:689-693 (already there)	see copies-all.tsv per copy; best-api text deleted	no		
BO-array-not-capability	.agents/rules/best-api/rules/behavior-and-ownership.md:163-175	ask what breaks when member omitted	3	plate-plugins: .agents/rules/plate-plugins.mdc:67-69[subset] | vision-detail: docs/vision/plate.md:679-681[subset]	agree		docs/vision/plate.md:679-681 (expand with best-api text)	see copies-all.tsv per copy; best-api text deleted	no		
BO-configure-target	.agents/rules/best-api/rules/behavior-and-ownership.md:177-186	configure target only when owning membership; same-name composition	8	plate-next: .agents/rules/plate-next/rules/review-law.md:225-234[subset] | plate-plugins: .agents/rules/plate-plugins.mdc:211-214[same] | plate-ui: .agents/rules/plate-ui.mdc:47-54[subset], .agents/rules/plate-ui.mdc:362-368[subset], .agents/rules/plate-ui/rules/registry.md:62-68[same], .agents/rules/plate-ui/rules/registry.md:84-85[subset] | vision-detail: docs/vision/plate.md:694-703[same]	agree		docs/vision/plate.md:694-703 (already there)	see copies-all.tsv per copy; best-api text deleted	no		
BO-weak-peer-override	.agents/rules/best-api/rules/behavior-and-ownership.md:188-198	override[name] weak peer	2	vision-detail: docs/vision/plate.md:704-709[same]	agree		docs/vision/plate.md:704-709 (already there)	see copies-all.tsv per copy; best-api text deleted	no		
BO-weak-peer-adapt	.agents/rules/best-api/rules/behavior-and-ownership.md:200-205	optional plugin must not install optional peer	4	best-api: .agents/rules/best-api.mdc:1056-1058[same] | plate-plugins: .agents/rules/plate-plugins.mdc:214-217[subset] | vision-detail: docs/vision/plate.md:709-711[same]	agree		docs/vision/plate.md:709-711 (already there)	see copies-all.tsv per copy; best-api text deleted	no		
BO-weak-not-replace	.agents/rules/best-api/rules/behavior-and-ownership.md:207-213	weak path does not replace typed ownership; inject.parsers	2	vision-detail: docs/vision/plate.md:711-719[same]	agree		docs/vision/plate.md:711-719 (already there)	see copies-all.tsv per copy; best-api text deleted	no		
BO-peer-conflicts	.agents/rules/best-api/rules/behavior-and-ownership.md:215-220	resolve conflicts at narrowest surface	2	vision-detail: docs/vision/plate.md:726-730[same]	agree		docs/vision/plate.md:726-730 (already there)	see copies-all.tsv per copy; best-api text deleted	no		
BO-promotion-gates	.agents/rules/best-api/rules/behavior-and-ownership.md:222-239	seven plugin promotion gates	7	plate-next: .agents/rules/plate-next/rules/review-law.md:220-224[same] | plate-plugins: .agents/rules/plate-plugins.mdc:207-209[link], .agents/rules/plate-plugins/rules/creation-flow.md:213-226[mechanics] | vision-root: VISION.md:108[subset] | vision-detail: docs/vision/plate.md:671-674[subset], docs/vision/plate.md:675-676[subset]	agree		docs/vision/plate.md:671-674 (expand with best-api text)	see copies-all.tsv per copy; best-api text deleted	no		
BO-editor-api-discovery	.agents/rules/best-api/rules/behavior-and-ownership.md:241-249	editor.api canonical discovery; no getApi/pluginApi	19	best-api: .agents/rules/best-api/rules/schema-and-identity.md:272-276[same], .agents/rules/best-api/rules/schema-and-identity.md:265-270[subset] | plate-docs: .agents/rules/plate-docs/references/plugin.md:72[subset], .agents/rules/plate-docs/references/plugin.md:143-150[same] | plate-next: .agents/rules/plate-next/rules/audit-modes.md:31-34[superset] | plate-plugins: .agents/rules/plate-plugins.mdc:337-338[subset], .agents/rules/plate-plugins/rules/capabilities.md:412-414[same], .agents/rules/plate-plugins/rules/capabilities.md:446-448[same], .agents/rules/plate-plugins/rules/capabilities.md:529-531[superset], .agents/rules/plate-plugins/references/plugin-authoring-audit.md:184-185[subset] | plate-ui: .agents/rules/plate-ui.mdc:262-263[subset], .agents/rules/plate-ui.mdc:501-505[mechanics], .agents/rules/plate-ui/rules/component-shape.md:160-165[same] | vision-root: VISION.md:106[conflict], VISION.md:127[subset] | vision-detail: docs/vision/plate.md:731-742[same], docs/vision/plite.md:282-284[same], docs/vision/plite.md:377-378[subset]	CONFLICT x1	VISION.md:106: VISION "projects to `editor.api.<name>` and `editor.extension(Extension).api`" vs behavior-and-ownership.md:243-245 "`editor.plugin(Plugin).api` exposes the same immutable API". grep editor.extension( 0 / editor.plugin( 151. Live source: editor.plugin. (no roo	check: check-plate-schema-adoption.mjs ('plugin APIs project through editor.api.<name>') + check-plite-docs.mjs	see copies-all.tsv per copy; best-api text deleted	yes	check-plate-schema-adoption.mjs ('plugin APIs project through editor.api.<name>') + check-plite-docs.mjs	
BO-installed-guard	.agents/rules/best-api/rules/behavior-and-ownership.md:251-265	feature.installed guard	12	plate-docs: .agents/rules/plate-docs/references/plugin.md:145-149[same] | plate-next: .agents/rules/plate-next/rules/review-law.md:54-58[same] | plate-plugins: .agents/rules/plate-plugins/rules/capabilities.md:388-391[same], .agents/rules/plate-plugins/rules/capabilities.md:419-421[same], .agents/rules/plate-plugins/rules/typing.md:522-524[same], .agents/rules/plate-plugins/references/plugin-authoring-audit.md:138-140[same] | plate-ui: .agents/rules/plate-ui.mdc:271-276[same], .agents/rules/plate-ui.mdc:507-512[same], .agents/rules/plate-ui/rules/component-shape.md:175-185[same], .agents/rules/plate-ui/references/component-audit.md:82[subset] | vision-detail: docs/vision/plate.md:743-752[same]	agree		docs/vision/plate.md:743-752 (already there)	see copies-all.tsv per copy; best-api text deleted	no		
BO-plugin-lookup	.agents/rules/best-api/rules/behavior-and-ownership.md:267-289	editor.plugin(plugin) only lookup; no strings/{name}; portal fields	8	plate-next: .agents/rules/plate-next/rules/review-law.md:517-521[same], .agents/rules/plate-next/rules/review-law.md:578-603[superset] | plate-plugins: .agents/rules/plate-plugins/rules/capabilities.md:384-387[subset], .agents/rules/plate-plugins/rules/capabilities.md:422-445[same], .agents/rules/plate-plugins/rules/typing.md:518-521[same], .agents/rules/plate-plugins/references/plugin-authoring-audit.md:71-72[conflict] | vision-detail: docs/vision/plate.md:753-771[same]	CONFLICT x1	.agents/rules/plate-plugins/references/plugin-authoring-audit.md:71-72: Copy: "Plugin lookup inputs accept the exact descriptor or name". best-api BO:267-272: "`editor.plugin(plugin)` is the only public imperative plugin lookup, and `plugin` must be a nominal descriptor ... Do not accept strings or `{ name }`" (name input exists o	docs/vision/plate.md:753-771 (already there)	see copies-all.tsv per copy; best-api text deleted	partial	tsc (descriptor-only parameter)	
BO-html-mappings	.agents/rules/best-api/rules/behavior-and-ownership.md:291-300	HTML mappings; no query/transformData; createsElement	3	plate-plugins: .agents/rules/plate-plugins/rules/creation-flow.md:152-158[subset] | vision-detail: docs/vision/plate.md:772-775[subset]	agree		docs/vision/plate.md:772-775 (expand with best-api text)	see copies-all.tsv per copy; best-api text deleted	no		
BO-loss-diagnostics	.agents/rules/best-api/rules/behavior-and-ownership.md:302-309	lossPolicy impact lossless/lossy	1		no copies		docs/vision/plate.md (new text from best-api)	see copies-all.tsv per copy; best-api text deleted	no		
BO-stored-url	.agents/rules/best-api/rules/behavior-and-ownership.md:311-319	decideUrl/isStoredUrl role policy	2	vision-detail: docs/vision/plate.md:548-553[same]	agree		docs/vision/plate.md:548-553 (already there)	see copies-all.tsv per copy; best-api text deleted	no		
BO-datatransfer-format	.agents/rules/best-api/rules/behavior-and-ownership.md:321-329	DataTransferFormat report; onPasteResult	2	vision-detail: docs/vision/plate.md:776-778[subset]	agree		docs/vision/plate.md:776-778 (expand with best-api text)	see copies-all.tsv per copy; best-api text deleted	no		
BO-host-agnostic-ui	.agents/rules/best-api/rules/behavior-and-ownership.md:331-334	registry UI host-agnostic; no host editor type	9	plate-next: .agents/rules/plate-next/rules/review-law.md:58-59[subset] | plate-plugins: .agents/rules/plate-plugins/references/plugin-authoring-audit.md:144[same] | plate-ui: .agents/rules/plate-ui.mdc:55-57[subset], .agents/rules/plate-ui.mdc:263-270[superset], .agents/rules/plate-ui/rules/component-shape.md:187-191[same], .agents/rules/plate-ui/rules/component-shape.md:193-196[superset], .agents/rules/plate-ui/rules/registry.md:70-75[same], .agents/rules/plate-ui/references/component-audit.md:78-84[same]	agree		check: check-plate-schema-adoption.mjs ('copied registry items must type against their owned plugin tuple, not the host MyEditor')	see copies-all.tsv per copy; best-api text deleted	yes	check-plate-schema-adoption.mjs ('copied registry items must type against their owned plugin tuple, not the host MyEditor')	
BO-react-ownership-trace	.agents/rules/best-api/rules/behavior-and-ownership.md:336-343	trace React ownership to terminal consumers	22	plate-next: .agents/rules/plate-next/rules/review-law.md:241-244[subset], .agents/rules/plate-next/rules/review-law.md:258-260[subset], .agents/rules/plate-next/rules/audit-modes.md:95-98[subset], .agents/rules/plate-next/rules/audit-modes.md:122-124[same] | plate-plugins: .agents/rules/plate-plugins.mdc:183-189[same], .agents/rules/plate-plugins/rules/creation-flow.md:34-37[subset], .agents/rules/plate-plugins/rules/creation-flow.md:263-266[same], .agents/rules/plate-plugins/references/plugin-authoring-audit.md:107-109[subset], .agents/rules/plate-plugins/references/feature/phases.md:42-44[subset] | plate-ui: .agents/rules/plate-ui.mdc:185-187[same], .agents/rules/plate-ui.mdc:188-190[conflict], .agents/rules/plate-ui.mdc:191-197[same], .agents/rules/plate-ui.mdc:485-486[same], .agents/rules/plate-ui/rules/component-family.md:137-139[subset], .agents/rules/plate-ui/rules/component-family.md:155-159[same], .agents/rules/plate-ui/rules/ownership.md:37-61[superset], .agents/rules/plate-ui/rules/cross-platform.md:43-46[same], .agents/rules/plate-ui/references/component-audit.md:28-36[mechanics], .agents/rules/plate-ui/references/component-audit.md:46-49[same] | vision-detail: docs/vision/plate.md:820-825[subset], docs/vision/plate.md:911-916[same]	CONFLICT x1	.agents/rules/plate-ui.mdc:188-190: best-api behavior-and-ownership.md:337-338 "A package import, public export, docs page, or test does not count as an independent consumer" (also plate-ui ownership.md:56-61 "tests and docs" are not consumers) vs plate-ui "Host documentation components and inst	docs/vision/plate.md:911-916	see copies-all.tsv per copy; best-api text deleted	no		CONFLICT: plate-ui.mdc:188-190 counts host documentation components as independent owners; best-api BO:337-338 and plate-ui ownership.md:56-61 say docs do not count.
BO-state-to-props	.agents/rules/best-api/rules/behavior-and-ownership.md:345-349	reject state-to-props hooks	21	plate-next: .agents/rules/plate-next/rules/review-law.md:245-248[superset], .agents/rules/plate-next/rules/review-law.md:255-257[mechanics], .agents/rules/plate-next/rules/audit-modes.md:120-121[same], .agents/rules/plate-next/rules/audit-modes.md:125-126[superset] | plate-plugins: .agents/rules/plate-plugins.mdc:165-167[same], .agents/rules/plate-plugins.mdc:171-173[superset], .agents/rules/plate-plugins/rules/creation-flow.md:235-242[subset], .agents/rules/plate-plugins/references/plugin-authoring-audit.md:97-102[subset] | plate-ui: .agents/rules/plate-ui.mdc:58-60[superset], .agents/rules/plate-ui.mdc:177[subset], .agents/rules/plate-ui.mdc:542-548[mechanics], .agents/rules/plate-ui.mdc:562-565[mechanics], .agents/rules/plate-ui/rules/component-shape.md:244-246[subset], .agents/rules/plate-ui/rules/component-family.md:5-7[subset], .agents/rules/plate-ui/rules/component-family.md:9-45[superset], .agents/rules/plate-ui/rules/component-family.md:146-147[subset], .agents/rules/plate-ui/rules/ownership.md:85-96[subset], .agents/rules/plate-ui/rules/cross-platform.md:62-76[superset], .agents/rules/plate-ui/references/component-audit.md:8-26[mechanics] | vision-detail: docs/vision/plate.md:811-819[subset]	agree		docs/vision/plate.md:811-819 (expand with best-api text)	see copies-all.tsv per copy; best-api text deleted	no		
BO-hook-split	.agents/rules/best-api/rules/behavior-and-ownership.md:351-359	split headless DOM lifecycle from renderer composition	10	plate-next: .agents/rules/plate-next/rules/review-law.md:249-254[same] | plate-plugins: .agents/rules/plate-plugins.mdc:174-181[same], .agents/rules/plate-plugins/references/plugin-authoring-audit.md:103-106[same] | plate-ui: .agents/rules/plate-ui.mdc:198-204[same], .agents/rules/plate-ui/rules/component-family.md:148-151[same], .agents/rules/plate-ui/rules/ownership.md:98-104[same], .agents/rules/plate-ui/rules/cross-platform.md:48-56[superset], .agents/rules/plate-ui/references/component-audit.md:38-44[mechanics] | vision-detail: docs/vision/plate.md:901-907[same]	agree		docs/vision/plate.md:901-907 (already there)	see copies-all.tsv per copy; best-api text deleted	no		
BO-neutral-defaults	.agents/rules/best-api/rules/behavior-and-ownership.md:361-364	package defaults neutral; URLs/copy app-owned	7	plate-plugins: .agents/rules/plate-plugins.mdc:190-193[same] | plate-ui: .agents/rules/plate-ui.mdc:206-210[superset], .agents/rules/plate-ui/rules/component-family.md:141-144[subset], .agents/rules/plate-ui/rules/cross-platform.md:62-68[subset], .agents/rules/plate-ui/references/component-audit.md:58-62[mechanics] | vision-root: VISION.md:122[conflict]	CONFLICT x1	VISION.md:122: VISION "Opinionated product behavior belongs in packages, kits, examples, or docs" vs behavior-and-ownership.md:361-364 "A reusable package default must be semantically neutral... belong to the consuming product or copied registry kit" (plate.md:71-73 matches 	docs/vision/plate.md (new text from best-api)	see copies-all.tsv per copy; best-api text deleted	no		
BO-registry-self-contained	.agents/rules/best-api/rules/behavior-and-ownership.md:366-370	registry items self-contained; duplication cheaper than shared file	5	plate-ui: .agents/rules/plate-ui.mdc:237-240[same], .agents/rules/plate-ui/rules/ownership.md:72[subset], .agents/rules/plate-ui/rules/ownership.md:106-109[same] | vision-detail: docs/vision/plate.md:926-927[subset]	agree		docs/vision/plate.md:926-927 (expand with best-api text)	see copies-all.tsv per copy; best-api text deleted	no		
BO-list-plugin	.agents/rules/best-api/rules/behavior-and-ownership.md:372-374	ListPlugin sole list owner	4	plate-ui: .agents/rules/plate-ui.mdc:45-46[same], .agents/rules/plate-ui.mdc:369-370[same] | vision-detail: docs/vision/plate.md:966-968[same]	agree		docs/vision/plate.md:966-968 (already there)	see copies-all.tsv per copy; best-api text deleted	no		
BO-plugin-owned-api	.agents/rules/best-api/rules/behavior-and-ownership.md:376-382	repeated callers reuse plugin API; raw helper with tx+type smells	13	plate-next: .agents/rules/plate-next/rules/review-law.md:342-348[same], .agents/rules/plate-next/rules/review-law.md:451-456[same], .agents/rules/plate-next/rules/review-law.md:462-469[same], .agents/rules/plate-next/rules/audit-modes.md:227-235[mechanics] | plate-plugins: .agents/rules/plate-plugins.mdc:150-152[mechanics], .agents/rules/plate-plugins.mdc:204-205[subset], .agents/rules/plate-plugins/rules/capabilities.md:471-472[subset], .agents/rules/plate-plugins/rules/capabilities.md:476-478[subset], .agents/rules/plate-plugins/rules/capabilities.md:523-525[subset], .agents/rules/plate-plugins/rules/creation-flow.md:39-44[subset], .agents/rules/plate-plugins/references/plugin-authoring-audit.md:81-90[subset] | vision-detail: docs/vision/plate.md:779-782[same]	agree		docs/vision/plate.md:779-782 (already there)	see copies-all.tsv per copy; best-api text deleted	no		
BO-one-widening-vocab	.agents/rules/best-api/rules/behavior-and-ownership.md:384-402	one definePlugin call; no nested extension; .extend only for adaptation	21	best-api: .agents/rules/best-api/rules/authoring-and-inference.md:375-377[subset] | plate-docs: .agents/rules/plate-docs/references/plugin.md:57-60[subset], .agents/rules/plate-docs/references/plugin.md:67-70[same] | plate-next: .agents/rules/plate-next/rules/review-law.md:155-158[same], .agents/rules/plate-next/rules/review-law.md:266-269[superset], .agents/rules/plate-next/rules/review-law.md:332-336[superset] | plate-plugins: .agents/rules/plate-plugins/rules/capabilities.md:41-48[same], .agents/rules/plate-plugins/rules/capabilities.md:49-55[same], .agents/rules/plate-plugins/rules/capabilities.md:238-248[same], .agents/rules/plate-plugins/rules/capabilities.md:257-263[superset], .agents/rules/plate-plugins/rules/capabilities.md:452-456[subset], .agents/rules/plate-plugins/rules/capabilities.md:505-509[same], .agents/rules/plate-plugins/rules/typing.md:148-174[mechanics], .agents/rules/plate-plugins/rules/typing.md:288-341[same], .agents/rules/plate-plugins/rules/creation-flow.md:187-190[same], .agents/rules/plate-plugins/references/plugin-authoring-audit.md:126-128[same] | vision-root: VISION.md:127[subset] | vision-detail: docs/vision/plate.md:452-455[same], docs/vision/plate.md:462-465[same], docs/vision/plate.md:783-786[same]	agree		docs/vision/plate.md:452-455 (already there)	see copies-all.tsv per copy; best-api text deleted	partial	check-plate-schema-adoption.mjs ('package plugin definitions must use constructor fields or a justified ... extend'; 'one-use private plugin descriptor scaffolding')	
BO-contextual-typing	.agents/rules/best-api/rules/behavior-and-ownership.md:404-412	no identity helper to recover field type	13	plate-docs: .agents/rules/plate-docs.mdc:26-30[conflict], .agents/rules/plate-docs/references/plugin.md:61-66[same] | plate-next: .agents/rules/plate-next/rules/audit-modes.md:55-61[same] | plate-plugins: .agents/rules/plate-plugins/rules/capabilities.md:360-363[same], .agents/rules/plate-plugins/rules/capabilities.md:364-369[superset], .agents/rules/plate-plugins/rules/typing.md:271-286[same], .agents/rules/plate-plugins/rules/creation-flow.md:114-115[subset], .agents/rules/plate-plugins/references/plugin-authoring-audit.md:132-134[same] | plate-ui: .agents/rules/plate-ui.mdc:244-249[superset], .agents/rules/plate-ui.mdc:571-575[mechanics], .agents/rules/plate-ui/rules/component-shape.md:109-154[superset] | vision-detail: docs/vision/plate.md:431-436[same]	CONFLICT x1	.agents/rules/plate-docs.mdc:26-30: best-api behavior-and-ownership.md:410-412 "Independently reusable standalone descriptors use Plite `definePlugin` and compose as dependencies" (a public plitejs authoring path, which plate-docs/references/plugin.md:64-66 tells docs to teach) vs plate-docs "Pl	docs/vision/plate.md:431-436	see copies-all.tsv per copy; best-api text deleted	no		CONFLICT: plate-docs.mdc:26-30 names Plite only in two pages vs best-api BO:410-412 standalone Plite definePlugin as public authoring path (plate-docs plugin.md:64-66 teaches it).
BO-defineFormats	.agents/rules/best-api/rules/behavior-and-ownership.md:414-434	formats: ({ defineFormats }) => defineFormats(map)	10	best-api: .agents/rules/best-api/rules/behavior-and-ownership.md:384-388[subset] | plate-docs: .agents/rules/plate-docs/references/plugin.md:48-56[same] | plate-plugins: .agents/rules/plate-plugins/rules/capabilities.md:56-66[same], .agents/rules/plate-plugins/rules/typing.md:176-197[same], .agents/rules/plate-plugins/rules/creation-flow.md:121-130[same], .agents/rules/plate-plugins/references/plugin-authoring-audit.md:129-131[same], .agents/rules/plate-plugins/references/plugin-authoring-audit.md:188-189[subset] | vision-root: VISION.md:134[subset] | vision-detail: docs/vision/plate.md:455-462[superset]	agree		check: check-plate-schema-adoption.mjs ('plugin format declarations must use the context-bound defineFormats'; 'independent plugin formats belong in the constructor callback')	see copies-all.tsv per copy; best-api text deleted	yes	check-plate-schema-adoption.mjs ('plugin format declarations must use the context-bound defineFormats'; 'independent plugin formats belong in the constructor callback')	
BO-markdown-dialect	.agents/rules/best-api/rules/behavior-and-ownership.md:436-442	CommonMark+GFM+math; registered tags; no MDX	2	vision-detail: docs/vision/plate.md:517-521[same]	agree		docs/vision/plate.md:517-521 (already there)	see copies-all.tsv per copy; best-api text deleted	no		
BO-markdown-source-select	.agents/rules/best-api/rules/behavior-and-ownership.md:444-452	node vs tag; tag uses resolved schema type	6	plate-next: .agents/rules/plate-next/rules/review-law.md:284-291[same], .agents/rules/plate-next/rules/review-law.md:326-328[superset] | plate-plugins: .agents/rules/plate-plugins/rules/typing.md:247-253[same], .agents/rules/plate-plugins/rules/creation-flow.md:132-138[same] | vision-detail: docs/vision/plate.md:522-527[same]	agree		docs/vision/plate.md:522-527 (already there)	see copies-all.tsv per copy; best-api text deleted	partial	check-plate-schema-adoption.mjs ('custom Markdown element mappings use the resolved schema type for tag')	
BO-tag-attributes	.agents/rules/best-api/rules/behavior-and-ownership.md:454-475	wire codec; claims; preserve(); refuse()	7	plate-next: .agents/rules/plate-next/rules/review-law.md:292-304[same] | plate-plugins: .agents/rules/plate-plugins/rules/typing.md:199-225[same], .agents/rules/plate-plugins/rules/typing.md:227-245[superset], .agents/rules/plate-plugins/rules/creation-flow.md:142-163[superset] | vision-detail: docs/vision/plate.md:525-527[subset], docs/vision/plate.md:544-545[subset]	agree		docs/vision/plate.md:525-527 (expand with best-api text)	see copies-all.tsv per copy; best-api text deleted	no		
BO-installed-mappings	.agents/rules/best-api/rules/behavior-and-ownership.md:477-517	installed mappings sole owners; partial/previous; document view; mark mappings	6	plate-next: .agents/rules/plate-next/rules/review-law.md:305-312[subset] | plate-plugins: .agents/rules/plate-plugins/rules/typing.md:256-262[superset], .agents/rules/plate-plugins/rules/creation-flow.md:163-170[same] | plate-ui: .agents/rules/plate-ui.mdc:289-294[subset] | vision-detail: docs/vision/plate.md:542-544[subset]	agree		docs/vision/plate.md:542-544 (expand with best-api text)	see copies-all.tsv per copy; best-api text deleted	no		
BO-tag-identity-owner	.agents/rules/best-api/rules/behavior-and-ownership.md:519-527	configurable tag identity on schema owner	6	plate-next: .agents/rules/plate-next/rules/review-law.md:313-325[same] | plate-plugins: .agents/rules/plate-plugins/rules/typing.md:262-269[same], .agents/rules/plate-plugins/rules/creation-flow.md:172-179[same] | vision-detail: docs/vision/plate.md:546-547[same], docs/vision/plate.md:560-565[same]	agree		docs/vision/plate.md:546-547 (already there)	see copies-all.tsv per copy; best-api text deleted	partial	check-plate-schema-adoption.mjs ('Markdown mapping attributes cannot override Plate children or schema type')	
BO-synth-wrapper-type	.agents/rules/best-api/rules/behavior-and-ownership.md:529-532	synthesized elements resolve app schema type	4	plate-plugins: .agents/rules/plate-plugins/rules/typing.md:254-255[same], .agents/rules/plate-plugins/rules/creation-flow.md:139-141[same] | vision-detail: docs/vision/plate.md:538-541[same]	agree		docs/vision/plate.md:538-541 (already there)	see copies-all.tsv per copy; best-api text deleted	no		
BO-format-contract-foundation	.agents/rules/best-api/rules/behavior-and-ownership.md:534-543	universal format contract types in Plate foundation; no ambient augment	2	vision-detail: docs/vision/plate.md:506-512[same]	agree		docs/vision/plate.md:506-512 (already there)	see copies-all.tsv per copy; best-api text deleted	no		
BO-format-declarations-owned	.agents/rules/best-api/rules/behavior-and-ownership.md:545-551	each feature owns its format declarations; no central registry	3	vision-root: VISION.md:134[subset] | vision-detail: docs/vision/plate.md:512-515[same]	agree		docs/vision/plate.md:512-515 (already there)	see copies-all.tsv per copy; best-api text deleted	no		
BO-component-channel	.agents/rules/best-api/rules/behavior-and-ownership.md:553-565	component in definePlugin; configure({component}); no withComponent	15	plate-docs: .agents/rules/plate-docs/references/plugin.md:34-47[same] | plate-plugins: .agents/rules/plate-plugins.mdc:58-62[superset], .agents/rules/plate-plugins/rules/capabilities.md:482-502[superset], .agents/rules/plate-plugins/rules/creation-flow.md:17-27[mechanics], .agents/rules/plate-plugins/rules/creation-flow.md:83-92[same], .agents/rules/plate-plugins/rules/creation-flow.md:94-100[mechanics], .agents/rules/plate-plugins/references/plugin-authoring-audit.md:16-48[mechanics], .agents/rules/plate-plugins/references/plugin-authoring-audit.md:187[subset] | plate-ui: .agents/rules/plate-ui.mdc:122-123[subset], .agents/rules/plate-ui.mdc:315-321[same], .agents/rules/plate-ui/rules/component-shape.md:229-234[same] | vision-root: VISION.md:130[conflict] | vision-detail: docs/vision/plate.md:466-473[same], docs/vision/plate.md:720-725[superset]	CONFLICT x1	VISION.md:130: component-as-render-data, Base extend rejects, terminal configure replaces: same; but names `toPlatePlugin()` where behavior-and-ownership.md:559 says `toReactPlugin()` (grep 0 vs 35)	check: check-plate-schema-adoption.mjs + check-plite-docs.mjs (withComponent deleted; extend cannot define component; terminal configure; toReactPlugin)	see copies-all.tsv per copy; best-api text deleted	yes	check-plate-schema-adoption.mjs + check-plite-docs.mjs (withComponent deleted; extend cannot define component; terminal configure; toReactPlugin)	
BO-no-private-fragment	.agents/rules/best-api/rules/behavior-and-ownership.md:567-572	no private fragment publishing for stages	6	plate-next: .agents/rules/plate-next/rules/review-law.md:90-98[superset], .agents/rules/plate-next/rules/review-law.md:271-272[subset] | plate-plugins: .agents/rules/plate-plugins/rules/capabilities.md:67-71[same], .agents/rules/plate-plugins/rules/typing.md:349-353[same] | vision-detail: docs/vision/plate.md:794-796[same]	agree		docs/vision/plate.md:794-796 (already there)	see copies-all.tsv per copy; best-api text deleted	no		
BO-domain-inputs	.agents/rules/best-api/rules/behavior-and-ownership.md:574-581	scoped methods take domain inputs only	12	plate-next: .agents/rules/plate-next/rules/review-law.md:457-461[same], .agents/rules/plate-next/rules/review-law.md:521-526[same] | plate-plugins: .agents/rules/plate-plugins/rules/capabilities.md:179-198[mechanics], .agents/rules/plate-plugins/rules/capabilities.md:510-514[same], .agents/rules/plate-plugins/rules/capabilities.md:515-517[superset], .agents/rules/plate-plugins/rules/capabilities.md:518-522[same], .agents/rules/plate-plugins/rules/typing.md:128-146[subset], .agents/rules/plate-plugins/rules/typing.md:369-377[same], .agents/rules/plate-plugins/references/plugin-authoring-audit.md:111-112[subset], .agents/rules/plate-plugins/references/plugin-authoring-audit.md:181-182[same] | vision-detail: docs/vision/plate.md:786-798[same]	agree		docs/vision/plate.md:786-798 (already there)	see copies-all.tsv per copy; best-api text deleted	no		
BO-no-subset-types	.agents/rules/best-api/rules/behavior-and-ownership.md:583-590	no one-off *Editor/*Api subset types	2	vision-detail: docs/vision/plate.md:799-804[same]	agree		docs/vision/plate.md:799-804 (already there)	see copies-all.tsv per copy; best-api text deleted	no		
BO-TS7056	.agents/rules/best-api/rules/behavior-and-ownership.md:592-601	TS7056 fix at owning generic; no declaration-stage marker	7	plate-next: .agents/rules/plate-next/rules/review-law.md:123-129[same] | plate-plugins: .agents/rules/plate-plugins/rules/capabilities.md:115-123[same], .agents/rules/plate-plugins/rules/typing.md:112-118[same], .agents/rules/plate-plugins/rules/typing.md:452-463[subset] | vision-detail: docs/vision/plate.md:174-180[same], docs/vision/plate.md:805-810[same]	agree		check: check-plate-schema-adoption.mjs ('new plugin declaration stages are forbidden')	see copies-all.tsv per copy; best-api text deleted	yes	check-plate-schema-adoption.mjs ('new plugin declaration stages are forbidden')	
BO-final-descriptor-AST	.agents/rules/best-api/rules/behavior-and-ownership.md:603-615	AST types from final descriptor; no structural AST mirror	10	plate-next: .agents/rules/plate-next/rules/review-law.md:105-117[same] | plate-plugins: .agents/rules/plate-plugins/rules/capabilities.md:14-19[same], .agents/rules/plate-plugins/rules/capabilities.md:125-131[same], .agents/rules/plate-plugins/rules/typing.md:60-90[same], .agents/rules/plate-plugins/rules/typing.md:92-98[same], .agents/rules/plate-plugins/rules/creation-flow.md:196-204[same] | vision-detail: docs/vision/plate.md:169-173[same], docs/vision/plate.md:181-186[same], docs/vision/plite.md:95-96[subset]	agree		docs/vision/plate.md:169-173 (already there)	see copies-all.tsv per copy; best-api text deleted	no		
BO-factory-output-type	.agents/rules/best-api/rules/behavior-and-ownership.md:617-623	factory output projected; InternalBaseEditorWithInstalledPlugins leak	9	plate-next: .agents/rules/plate-next/rules/review-law.md:81-89[subset], .agents/rules/plate-next/rules/audit-modes.md:46-49[subset] | plate-plugins: .agents/rules/plate-plugins/rules/capabilities.md:20-21[subset], .agents/rules/plate-plugins/rules/capabilities.md:80-85[same], .agents/rules/plate-plugins/rules/typing.md:105-110[same], .agents/rules/plate-plugins/rules/creation-flow.md:207-211[same], .agents/rules/plate-plugins/references/plugin-authoring-audit.md:178[subset] | vision-detail: docs/vision/plate.md:187-190[same]	agree		check: check-package-declaration-brands.mjs (add InternalBaseEditorWithInstalledPlugins; not listed today)	see copies-all.tsv per copy; best-api text deleted	yes	check-package-declaration-brands.mjs (add InternalBaseEditorWithInstalledPlugins; not listed today)	
BO-reject-promotion	.agents/rules/best-api/rules/behavior-and-ownership.md:625-631	reject fragment promotion; profiles; DSLs	3	vision-root: VISION.md:108[subset] | vision-detail: docs/vision/plite.md:50-53[superset]	agree		docs/vision/plite.md:50-53 (already fuller)	see copies-all.tsv per copy; best-api text deleted	no		
