ts	phase	decision	why	evidence	result
2026-10-07T08:35:11Z	plan	Take suggestions, the item next returned	its one uncommitted member file holds pagination scripts that another plan owns, not suggestions work	review-ledger.mjs next returned suggestions; git diff HEAD -- packages/platejs/package.json adds only the pagination-react lint and typecheck partitions; docs/plans/2026-10-06-pagination-review.md owns them	decided: suggestions is the reviewed scope
2026-10-07T08:35:11Z	plan	Review again rather than plan the 2026-10-04 Pursue	member files changed since that record, so the doctrine-only shortcut to plan does not apply	scope: sha256 of every source.files entry of 2026-10-04-suggestions-audit against the live tree, read 2026-10-07: 23 changed and 0 missing; PlateAuthoredPlugin.ts, BaseSuggestionPlugin.ts, SuggestionPlugin.tsx and suggestion.tsx unchanged	verified: the verdict is stale through member changes
2026-10-07T08:35:11Z	how	Three Opus explorers traced authored attribution, Comments and copied UI, and other identity readers with prior art; the explainer step was skipped	the api-review playbook replaces the how output with the verdict page	docs/plans/artifacts/2026-10-07-suggestions-review/how/explorer-1/reply.md; docs/plans/artifacts/2026-10-07-suggestions-review/how/explorer-2/reply.md; docs/plans/artifacts/2026-10-07-suggestions-review/how/explorer-3/reply.md	skipped: explainer synthesis, replies saved verbatim instead
2026-10-07T08:35:11Z	plan	Treat the 2026-10-05 Vision sentence on the current reply identity as law the target must amend	it was added after the 2026-10-04 Pursue and contradicts deleting Comments currentUserId	scope: git show fe0e9599a6:docs/vision/plate.md holds no current reply identity sentence; commit 0dfa19ab11 added it; its source is the 2026-09-09 store-fields-over-methods choice at docs/plans/2026-09-09-comments-package-data.md line 118, read 2026-10-07	verified: the law moved after the last review
2026-10-07T08:35:11Z	proof	Prove that an authored-dependent editor without userId rejects ordinary typing	the type marks userId optional while EditorKit installs SuggestionKit and AIKit	scope: one insert on createEditor with BaseSuggestionPlugin, with and without userId, Bun on the working tree at dc927288b2, no stubs: docs/plans/artifacts/2026-10-07-suggestions-review/proof/no-user-write-a1.log	verified: the insert throws without userId and succeeds with it
2026-10-07T08:35:11Z	proof	Prove the defect in the browser on find-demo	a model throw does not show what the Editable does with the keystroke	scope: Chromium runtime-read-regressions.spec.ts find case against next dev in fresh detached worktrees at dc927288b2; base docs/plans/artifacts/2026-10-07-suggestions-review/proof/find-demo-typing-a1.log fails with the authored error, candidate with only userId demo added docs/plans/artifacts/2026-10-07-suggestions-review/proof/find-demo-typing-control-a1.log passes	verified: EditorKit without userId drops typed text in Chromium
2026-10-07T08:35:11Z	plan	Route the setups that cannot type to the Bug fix playbook beside this plan	a probe disproved a fact shipped setups rely on, and the architecture reference sends such a defect to Bug fix	docs/plans/artifacts/2026-10-07-suggestions-review/proof/no-userid-candidates.txt lists 32 lexical candidates, none read in context yet	open: owner the lead in this run; stop when every candidate is read and either passes a user or is shown read-only and the find-demo spec passes
2026-10-07T08:35:11Z	plan	Pursue one creation-time acting user read by authored, Comments and copied UI	two writable identities diverge silently, the default authored descriptor is frozen, and the playground breaks the initialization law	docs/plans/2026-10-07-suggestions-review.md Lanes and Proof	decided: Pursue, superseding 2026-10-04-suggestions-audit
2026-10-07T08:35:38Z	writing	unslop pass on the review page and the new subject file	the Writing passes rule gives docs and plans one unslop pass after drafting	docs/plans/2026-10-07-suggestions-review.md; docs/plans/topics/suggestions.md; seven rewrites of mid-sentence colons and fragments	applied: unslop pass, seven edits
2026-10-07T09:09:22Z	architect	Run a three-runner arena with an Opus cross-judge on the acting-user target	the api-plan reviews row runs architect for an API plan, and the plan playbook requires independent runners	docs/plans/artifacts/2026-10-07-suggestions-review/architect/prompt.md; docs/plans/artifacts/2026-10-07-suggestions-review/architect/runner-opus.md; docs/plans/artifacts/2026-10-07-suggestions-review/architect/runner-astra.md; docs/plans/artifacts/2026-10-07-suggestions-review/architect/runner-sol.md; docs/plans/artifacts/2026-10-07-suggestions-review/architect/judge/verdict.md	recorded: three runners answered, no dropout
2026-10-07T09:09:22Z	architect	Pick the Opus candidate as base with four grafts	only its writable-mount check sees writability, it keeps descriptor dependencies and adds retention through configure; judge and lead scores agree	docs/plans/artifacts/2026-10-07-suggestions-review/architect/synthesis.md; judge totals 20, 18, 12	decided: base cand-2, grafts from cand-1 and the judge
2026-10-07T09:09:22Z	architect	Prove the base premises before the pick	the plan playbook requires a run-it check of every premise existing code is said to support	scope: configured Plate authored bridge beside a dependent, retained revert after reload by another author, and both no-switch foreign-author fixtures, Bun from the package directories on the working tree at dc927288b2, source only: docs/plans/artifacts/2026-10-07-suggestions-review/probes/configured-authored-bridge-a2.log; docs/plans/artifacts/2026-10-07-suggestions-review/probes/retained-revert-after-reload-a2.log; docs/plans/artifacts/2026-10-07-suggestions-review/probes/foreign-author-fixtures-a2.log	verified: all three premises hold; the cand-2 citation for retained revert after reload was wrong and the probe replaces it
2026-10-07T09:09:22Z	plan	Reverse the review default that kept user names in Comments	all three runners and the judge moved names to copied UI because the package never reads users, and a plugin store keeps the import swap law	docs/plans/artifacts/2026-10-07-suggestions-review/architect/synthesis.md; docs/plans/2026-10-07-suggestions-review.md Defaults	decided: names move to a copied UsersPlugin; word keep names in Comments reverses it
2026-10-07T09:09:22Z	plan	Write the three-phase plan on the review page	a Pursue continues into the plan playbook on the same file	docs/plans/2026-10-07-suggestions-review.md; plan-page check exit 0; review-ledger check exit 0	recorded: plan written
2026-10-07T09:09:22Z	proof	Supersede the no-user-write a1 log with a2	the verify recipe requires a source probe to print which package files it loaded	scope: same probe rerun, 338 package files, 0 from dist: docs/plans/artifacts/2026-10-07-suggestions-review/proof/no-user-write-a2.log	superseded: a1 by a2
2026-10-07T09:09:53Z	proof	Run the plan's cheapest base controls in a detached worktree	the plan playbook requires each step's control to behave as the step claims before the build	scope: one Bun probe at dc927288b2 in a fresh detached worktree, source only (344 package files, 0 dist, 0 outside the worktree): suggestion author bob and comment author alice in one editor; runtime.userId assignable; DefaultAuthoredPlugin frozen with no configure; authored with retainHistory beside BaseSuggestionPlugin throws the duplicate-descriptor error: docs/plans/artifacts/2026-10-07-suggestions-review/probes/base-controls-a2.log	verified: every control shows the defect its step claims
2026-10-07T09:10:07Z	plan	Record the performance gate as not applicable from source	benchmark allows N/A only when source proves the change cannot change repeated or hot runtime work	scope: the resolver runs once per write transaction and caches its result (packages/plitejs/src/authored/authored.ts lines 774-788); the target swaps two Reflect.get reads for one own-property read and adds one flag read per EditorContentView render, read 2026-10-07	decided: N/A, reopened by a case where either read repeats per node or per keystroke
2026-10-07T09:10:18Z	writing	unslop pass on the plan sections	the Writing passes rule gives plans one unslop pass after drafting	docs/plans/2026-10-07-suggestions-review.md; three mid-sentence colons rewritten	applied: unslop pass on the plan
2026-10-07T09:31:17Z	panel	seats opus, codex:gpt-6-astra @xhigh, codex:gpt-6.1-sol @xhigh	api-plan reviews row: a panel on the finished plan	frozen commit c1aa485a18542b131312f19438db49019ce2484e; docs/plans/artifacts/2026-10-07-suggestions-review/panel/plan-round-1/prompt.md; docs/plans/artifacts/2026-10-07-suggestions-review/panel/plan-round-1/seat-opus.md; docs/plans/artifacts/2026-10-07-suggestions-review/panel/plan-round-1/seat-astra.md; docs/plans/artifacts/2026-10-07-suggestions-review/panel/plan-round-1/seat-sol.md	recorded: three seats answered, none missing
2026-10-07T09:31:17Z	panel	critical (astra, sol; opus warning): the documented dependency switch rebuilds from the first value and drops edits and comments	useCreateEditor.ts lines 115-124 calls createEditor(editorOptions) on a dependency change and never transfers the old editor's state	scope: source read of useCreateEditor.ts at dc927288b2 and the discussion.mdx example, 2026-10-07; plan Public API keyed handoff pair, Phase 2 hook step and its handoff spec	applied: the plan teaches a keyed handoff, the hook refuses a changed userId, and the Phase 2 handoff spec checks a dirty document and a new thread survive
2026-10-07T09:31:17Z	panel	critical (astra, sol; opus nit): a NUL-containing userId passes a non-empty check and still drops keystrokes	authored.ts lines 677-688 reject NUL in currentAuthorId	scope: Bun probe on the working tree at dc927288b2, source only: canPropose is true for alice, false for no user and for alice NUL x, and the authored capability is absent for a Comments-only editor: docs/plans/artifacts/2026-10-07-suggestions-review/probes/can-propose-check-a3.log	applied: Phase 1 writable-content check asks the internal authored capability and native canPropose
2026-10-07T09:31:17Z	panel	warning (opus, sol): the stage-callback bridge and its marker were not grounded before the build	the plan playbook requires premises the base depends on to be probed before the pick	scope: Bun probe of definePlugin authored extended by a stage callback returning native authored with configured retention, beside a dependent: stage runs once, revert applied with configured retention and unavailable without, tx.plugin propose works, and the Plate activate marker never ran: docs/plans/artifacts/2026-10-07-suggestions-review/probes/stage-callback-bridge-a1.log	applied: the marker is dropped for the capability-and-canPropose check; the stage callback stays
2026-10-07T09:31:17Z	panel	warning (opus): a throw at mount unmounts apps whose session loads after the first render	a render throw reaches the nearest error boundary and nothing remounts the subtree when the session arrives	plan Phase 1 check step and Native behavior row 1	applied: a missing author makes editable content read-only and reports it
2026-10-07T09:31:17Z	panel	warning (opus): the check's file is another session's untracked refactor and entrypoint-dag.mjs holds their staged diff	git cat-file finds no EditorContentView.internal.tsx at HEAD; git status shows it untracked	plan Start gates table	applied: a start gate picks the content component at build time and pre-edit copies are required
2026-10-07T09:31:17Z	panel	warning (opus): AuthoredPlugin collides with Plite's type AuthoredPlugin re-exported from platejs/authored	packages/platejs/src/authored/index.ts line 23 re-exports the type	plan Phase 1 step 1 and Hard cuts row 2	applied: both Plite re-exports leave platejs/authored as a recorded facade exception
2026-10-07T09:31:17Z	panel	warning (astra, sol): immutable identity has no failed-construction rollback	withPlite.ts line 902 assigns identity before plugin resolution and its restore path does not undo it	plan Phase 2 step 1 and Main changes bullet 1	applied: identity commits only after construction succeeds, with a failed-then-retried construction spec
2026-10-07T09:31:17Z	panel	warning (sol): a readonly type plus a view-stamp test passes a mutable property	editor-runtime-view.ts line 1402 copies owner descriptors into views	plan Phase 2 step 1 proof	applied: the gate attempts assignment, redefinition and deletion through owner and view
2026-10-07T09:31:17Z	panel	warning (opus): several gates pass at base	the resolver reads the owner, so a view-stamp test passes today; a ts-expect-error on a missing property passes; find-demo has a user after the bug fix	plan Phase 2 proofs and Native behavior table	applied: gates replaced by a Comments reply through a root view, a runtime read absent at base, and the React spec as the refusal gate
2026-10-07T09:31:17Z	panel	warning (opus): composers and decision controls stay silent or throw without a user	discussion.tsx Accept and Reject call native decide, which calls actor and throws with no user	plan Phase 2 Comments step	applied: copied composers and decision controls render only with editor.userId; the part asking Comments actions to throw is dismissed because createThread already returns a typed invalid result the gated UI no longer reaches
2026-10-07T09:31:17Z	panel	warning (opus, sol): Phase 3 UsersPlugin fixes no defect and contradicts the plan's lane	the only suggestion-author name reader is discussion.tsx line 819 in DiscussionKit, which composes Comments	plan Steps and Defaults	applied: Phase 3 cut; names stay in Comments
2026-10-07T09:31:17Z	panel	warning (opus): the AI spec move to a Yjs pair changes the path under test	case 1 uses edit intent in another block; case 2 proposes next to the AI insertion and needs a second author	plan Phase 2 writer step	applied: the accepted-edit case uses the same user; the proposing case keeps a second editor joined by Yjs, with a stated narrowing if a Plate spec cannot host it
2026-10-07T09:31:17Z	panel	warning (astra, sol): the performance note said the target adds no store	resolvePlugins.ts line 1029 creates a store per resolved Plate plugin	plan Evidence Performance	applied: the note counts one plugin store per editor that installs AuthoredPlugin, created once
2026-10-07T09:31:17Z	panel	warning (astra): pending comment saves are not retired by an editor switch	useCreateEditor never disposes the old editor, so its Comments owner is not destroyed	plan Defaults and Brief	applied: claim narrowed; a save pending at a switch finishes on the server and shows after comments reload
2026-10-07T09:31:17Z	panel	nit (opus): retention lives in store state but is read once	native authored captures retainHistory at activation	plan Phase 1 migration step	applied: JSDoc and docs say retention is read once at creation
2026-10-07T09:31:17Z	panel	nit (opus): stale and loose text	the bug-fix plan said setup-time, the currentUserId grep matched copied UI, a generator fixture was undecided, null userId was missing from Hard cuts	plan Predicted benefits, Phase 2 writer step, Hard cuts	applied: grep scoped to packages/platejs/src, generator uses createAuthoredReviewDocument, null row added; bug-fix wording fixed next
2026-10-07T09:31:52Z	writing	unslop pass on the round 1 fixes	each panel round's fixes get their writing passes before the next frozen tree	docs/plans/2026-10-07-suggestions-review.md; docs/plans/2026-10-07-editorkit-missing-user.md; docs/plans/topics/suggestions.md; scan for dashes, flagged vocabulary and mid-sentence colons found none to change	applied: unslop pass, no edits needed
2026-10-07T09:46:52Z	panel	seats opus, codex:gpt-6-astra @xhigh, codex:gpt-6.1-sol @xhigh	round 1 applied two critical findings, so the changes get another round	frozen commit 240884c01e590998b3e439fa649a94dc8c419ed9, parent c1aa485a; docs/plans/artifacts/2026-10-07-suggestions-review/panel/plan-round-2/prompt.md; docs/plans/artifacts/2026-10-07-suggestions-review/panel/plan-round-2/seat-opus.md; docs/plans/artifacts/2026-10-07-suggestions-review/panel/plan-round-2/seat-astra.md; docs/plans/artifacts/2026-10-07-suggestions-review/panel/plan-round-2/seat-sol.md	recorded: three seats answered, none missing
2026-10-07T09:46:52Z	panel	critical (astra, sol; opus warning): a NUL-containing userId keeps decision controls visible that then fail	authored.ts lines 677-688 reject NUL in currentAuthorId and decide calls actor at line 3304, while the round 1 gate read only editor.userId presence	scope: source read of authored.ts and discussion.tsx lines 845-870 at dc927288b2, and the Bun probe showing base accepts a NUL userId at creation: docs/plans/artifacts/2026-10-07-suggestions-review/probes/can-propose-check-a3.log	applied: createEditor checks userId with Plite's author rule exported through plitejs/internal, so editor.userId is valid or absent; Phase 1 step 2 and Phase 2 step 1
2026-10-07T09:46:52Z	panel	critical (opus): throwing on any changed userId unmounts apps whose session loads after first render	useCreateEditor rebuilds on a dependency change, so a no-user editor replaced by alice's would hit the round 1 throw	scope: source read of useCreateEditor.ts lines 107-125 at dc927288b2 and the round 1 plan text, 2026-10-07	applied: the hook throws only when it would return an editor for another user or replace one user's editor with another's; Phase 2 step 2 adds the enabled, keyed and no-user replacement must-accept specs
2026-10-07T09:46:52Z	panel	warning (sol, opus): the canPropose path had no typed route from react-core	the internal document capability carries no canPropose and react-core may not import plitejs/internal	entrypoint-dag.mjs lines 407-413; authored-document-capability.ts lines 28-55	applied: the content check reads a typed core helper over the authored capability and editor.userId
2026-10-07T09:46:52Z	panel	warning (sol): the hook proof missed the dependency-change switch	a shortcut that compares only the memoized editor passes a stable-dependency rerender	plan Phase 2 step 2	applied: specs cover alice to bob with unchanged and with userId dependencies
2026-10-07T09:46:52Z	panel	warning (astra, sol, opus): the pending-save limit promised recovery the API does not give	the default mutate commits nothing to a server and toJSON exports only published threads	BaseCommentsPlugin.ts lines 172-188, 749-810, 1179-1199	applied: Brief and Defaults say pending saves, drafts and composer text do not carry over and recovery depends on the app's storage
2026-10-07T09:46:52Z	panel	warning (opus): the handoff sample hid the capture step	seeds that never refresh were the round 1 critical	plan Public API keyed handoff pair	applied: the sample captures value and comments from the outgoing editor through a ref, and the spec uses that shape
2026-10-07T09:46:52Z	panel	warning (astra, sol, opus): the start gate chose HEAD's file while the build tree routes read-only elsewhere	the working tree resolves read-only in EditorContentView.internal.tsx, which virtualized and paged content call directly	plan Start gates row 1 and Phase 1 step 2 proof	applied: the gate names the shared owner in the build tree and the React spec mounts all three content variants
2026-10-07T09:46:52Z	panel	warning (astra, sol): a new per-editor store needs a construction receipt	the architecture reference requires a current-owner versus target comparison for a store	plan Evidence Performance	applied: a pre-acceptance probe ran before the build (proof row below)
2026-10-07T09:46:52Z	panel	nit (opus): no executable facade exception set covers platejs/authored	check-plite-release-artifacts.mjs diffs other entrypoints only	plan Phase 1 step 1	applied: the step treats platejs/authored as a curated export list
2026-10-07T09:46:52Z	panel	nit (opus): stale text and a root-view case cited as failing at base	the lane still said dependencies rebuild the editor; the bug-fix brief still said an error at mount; base Comments reads the shared store, so the root-view case passes at base	plan Lanes, Phase 2 step 3; editorkit-missing-user.md Brief	applied: text fixed; the root-view case is a must-pass control
2026-10-07T09:46:52Z	proof	Measure editor construction for the incumbent native descriptor and the Plate bridge before the build	the architecture reference requires a receipt for a new store, and benchmark freezes the budget before the target runs	scope: editor construction median, frozen budget candidate at most 1.10 times incumbent plus 0.05 ms, one-block and 2000-block cohorts, interleaved rounds, Bun on package source, load 1.3 on 18 cores, 2026-10-07: docs/plans/artifacts/2026-10-07-suggestions-review/bench/construction-probe-a1.log; docs/plans/artifacts/2026-10-07-suggestions-review/bench/construction-probe-a2.log	partial: the bridge adds about 0.06 to 0.11 ms per one-block editor inside the budget in both runs; the 2000-block line cannot gate a constant cost because a 12 ms known-bad stayed inside its 9 ms allowance; the limiter was not profiled
2026-10-07T09:47:05Z	writing	unslop pass on the round 2 fixes	each panel round's fixes get their writing passes before the next frozen tree	docs/plans/2026-10-07-suggestions-review.md; docs/plans/2026-10-07-editorkit-missing-user.md; one compressed budget sentence rewritten	applied: unslop pass on round 2 fixes
2026-10-07T10:01:26Z	panel	seats opus, codex:gpt-6-astra @xhigh, codex:gpt-6.1-sol @xhigh	round 2 applied two critical findings, so the changes get another round	frozen commit 0e1dbdc53a593c74b634bdcb9036453503beceb8, parent 240884c0; docs/plans/artifacts/2026-10-07-suggestions-review/panel/plan-round-3/prompt.md; docs/plans/artifacts/2026-10-07-suggestions-review/panel/plan-round-3/seat-opus.md; docs/plans/artifacts/2026-10-07-suggestions-review/panel/plan-round-3/seat-astra.md; docs/plans/artifacts/2026-10-07-suggestions-review/panel/plan-round-3/seat-sol.md; the brief's first line said since round 1 while its change set named the round 2 to 3 diff	recorded: three seats answered, none missing
2026-10-07T10:01:26Z	panel	critical (astra, sol; opus warning): replacing a no-user editor on a dependency change loses text typed before the session arrives	useCreateEditor rebuilds from editorOptions on a dependency change, and a Comments-only editor with no user accepts writes	scope: source read of useCreateEditor.ts lines 107-125 at dc927288b2; Bun probe line comments only, no user, installed false, write ok: docs/plans/artifacts/2026-10-07-suggestions-review/probes/can-propose-check-a3.log	applied: the hook throws when asked to give an existing editor a different user, including from and to no user, with or without a dependency change; Phase 2 step 2 specs cover every case
2026-10-07T10:01:26Z	panel	warning (astra, sol, opus): the construction receipt did not pass and Phase 1 had no performance exit	both earlier runs exited 1 on a large-cohort control that sat inside the budget	plan Performance, ledger row, Phase 1 step 1	applied: the probe passes in a5 with a control that does its work, Phase 1 reruns it on the real plugin, and the ledger row is gate until then
2026-10-07T10:01:26Z	panel	warning (opus): with snapshot storage the next save drops a thread whose save was pending, and apps cannot see pending saves	toJSON exports published threads only and commitMutation returns stale on a retired owner	BaseCommentsPlugin.ts lines 773-779 and 1179-1198	applied: Brief and Defaults state the loss; a public pending-save signal is open work with owner zbeyens
2026-10-07T10:01:26Z	panel	nit (opus): creation validation sat in Phase 2 while Phase 1 shipped the rule	a Phase 2 revert would let a NUL user drop keystrokes again	plan Phase 1 step 2	applied: creation validation and its NUL spec move to Phase 1
2026-10-07T10:01:26Z	panel	nit (opus): plitejs/internal cannot import plitejs/authored	entrypoint-dag.mjs declares internal on root only	plan Phase 1 step 2	applied: the rule moves to a Plite root module beside the authored document capability, with pnpm check entrypoint-graph
2026-10-07T10:01:26Z	panel	nit (opus): the handoff sample read an unfilled ref	DiscussionEditor took no ref prop and the outgoing editor can be null	plan Public API handoff pair	applied: the sample passes editorRef and falls back to the session snapshot
2026-10-07T10:01:26Z	panel	nit (opus): performance evidence overclaimed size scaling and cited a run that did not hold the 12 ms arm	a1 ran an earlier probe version	plan Performance	applied: the paragraph cites a5 and its recorded load, names the earlier attempts as history and states the large cohort's resolution
2026-10-07T10:01:26Z	panel	warning (opus side finding): committing the user after construction leaves construction-time authored writes without an author	normalization can write during construction	plan Phase 2 step 1	applied: the resolver reads the staged user while the editor is built, with a shouldNormalizeEditor spec
2026-10-07T10:01:26Z	proof	Rerun the construction probe with a large-cohort control that does its work	the a4 per-block control did no work because the stage runs before the document loads	scope: editor construction median, frozen budget candidate at most 1.10 times incumbent plus 0.05 ms, one-block and 2000-block cohorts, interleaved, Bun on package source, load 1.56 on 18 cores recorded in the log, known-bad large arm spent 420 ms over 21 builds, 2026-10-07: docs/plans/artifacts/2026-10-07-suggestions-review/bench/construction-probe-a5.log	partial: every budget line passes and both known-bad controls fail for the stand-in bridge; the real AuthoredPlugin rerun is Phase 1's exit, and mount cost is unmeasured
2026-10-07T10:01:26Z	proof	Supersede construction-probe a1 through a4 with a5	a1 and a2 used a large-cohort control inside the budget and a4's control did no work	docs/plans/artifacts/2026-10-07-suggestions-review/bench/construction-probe-a5.log	superseded: a1, a2, a3 and a4 by a5
2026-10-07T10:01:44Z	writing	unslop pass on the round 3 fixes	each panel round's fixes get their writing passes before the next frozen tree	docs/plans/2026-10-07-suggestions-review.md; docs/plans/topics/suggestions.md; scan found no dashes or flagged vocabulary and no sentence to split	applied: unslop pass on round 3 fixes, no edits needed
2026-10-07T10:14:21Z	panel	seats opus, codex:gpt-6-astra @xhigh, codex:gpt-6.1-sol @xhigh	round 3 applied a critical finding, so the changes get another round	frozen commit 76936a6bdeb832ba32d228c53dd57ffc752c5b72, parent 0e1dbdc5; docs/plans/artifacts/2026-10-07-suggestions-review/panel/plan-round-4/prompt.md; docs/plans/artifacts/2026-10-07-suggestions-review/panel/plan-round-4/seat-opus.md; docs/plans/artifacts/2026-10-07-suggestions-review/panel/plan-round-4/seat-astra.md; docs/plans/artifacts/2026-10-07-suggestions-review/panel/plan-round-4/seat-sol.md	recorded: three seats answered, none missing
2026-10-07T10:14:21Z	panel	critical (opus): the round 3 hook rule throws on every arriving session and its throw unmounts the typed text it was meant to protect	a render throw discards the memoized editor, so the rule crashed late sessions without saving the round 3 text	scope: source read of useCreateEditor.ts lines 115-124 at dc927288b2, the round 2 and round 3 panel rows, comment.mdx line 318 and the Bun probe line comments only, no user, write ok in docs/plans/artifacts/2026-10-07-suggestions-review/probes/can-propose-check-a3.log, 2026-10-07	applied: Phase 2 step 2 replaces an untouched no-user editor when the user arrives and throws for an edited no-user editor and any change away from a real user; this re-weighs round 2's frequent crash against round 3's rare loss and closes both
2026-10-07T10:14:21Z	panel	warning (opus): a DOM-only read-only switch leaves toolbar writes live	copied controls read useEditorReadOnly from the view, not the DOM	plan Phase 1 step 2 and its proof	applied: the check makes the view read-only and the spec asserts useEditorReadOnly and a disabled mark button
2026-10-07T10:14:21Z	panel	warning (opus): rejecting an empty userId at creation crashes the common no-user-yet encoding	the author rule rejects the empty string, and Phase 1 validates in every Plate editor	plan Phase 1 step 2, Hard cuts, Defaults	applied: an empty userId means no user, with a spec in Phase 1 and a Defaults row
2026-10-07T10:14:21Z	panel	warning (astra, sol; opus nit): the construction normalization spec passes with no authored write and at base	initialization runs a detached transaction that skips authored attribution	create-editor.ts line 287; public-state.ts lines 6733 and 9156	applied: the staged read and its spec are dropped; editor.userId is defined before plugins install as configurable, locked after success and deleted on failure
2026-10-07T10:14:21Z	panel	warning (astra, sol, opus): the pending-save text says apps cannot wait and understates the harm	actions return promises and the app owns mutate; a pending delete comes back on the next snapshot save	BaseCommentsPlugin.ts lines 178, 809, 918-934 and 1030	applied: Brief, Defaults and Open work say apps await their own saves, Comments lacks only an aggregate signal, and every pending change reverts, deletes included
2026-10-07T10:14:21Z	panel	warning (opus): the handoff sample's null fallback hands the stale session on an unfilled ref	the fallback reproduced the round 1 loss with no error	plan Public API handoff pair	applied: the sample fills the ref through useImperativeHandle, waits for the app's saves and throws without an editor
2026-10-07T10:14:21Z	panel	nit (opus): benchmark exit details and a mislabeled control	the incumbent DefaultAuthoredPlugin disappears in Phase 1, the margin is near noise, and the large control is a constant 20 ms	plan Phase 1 step 1 and Performance; docs/plans/artifacts/2026-10-07-suggestions-review/bench/construction-probe.ts header	applied: measured runner, incumbent from Plite authored, median of three runs with no reruns, and corrected labels
2026-10-07T10:14:21Z	writing	unslop pass on the round 4 fixes	each panel round's fixes get their writing passes before the next frozen tree	docs/plans/2026-10-07-suggestions-review.md; docs/plans/topics/suggestions.md; Brief rewritten under 40 words; scan found no dashes or flagged vocabulary	applied: unslop pass on round 4 fixes
2026-10-07T10:28:50Z	panel	seats opus, codex:gpt-6-astra @xhigh, codex:gpt-6.1-sol @xhigh	round 4 applied a critical finding, so the changes get another round	frozen commit 911f8675e283de2acced4da05fceca88dfe5d11d, parent 76936a6b; docs/plans/artifacts/2026-10-07-suggestions-review/panel/plan-round-5/prompt.md; docs/plans/artifacts/2026-10-07-suggestions-review/panel/plan-round-5/seat-opus.md; docs/plans/artifacts/2026-10-07-suggestions-review/panel/plan-round-5/seat-astra.md; docs/plans/artifacts/2026-10-07-suggestions-review/panel/plan-round-5/seat-sol.md	recorded: three seats answered, none missing
2026-10-07T10:28:50Z	panel	critical (astra, sol, opus): the edited no-user branch still loses typed text, now with a crash	a render throw discards the memoized editor, so refusing the change does not keep the text	scope: source read of useCreateEditor.ts lines 115-125 at dc927288b2 and the Bun probe line comments only, no user, write ok in docs/plans/artifacts/2026-10-07-suggestions-review/probes/can-propose-check-a3.log, 2026-10-07	applied: the guard is removed; Phase 2 step 2 keys the editor on the normalized userId like id and narrows the claim to say the hook keeps no outgoing work; the handoff carries it
2026-10-07T10:28:50Z	panel	critical (astra, sol): an unchanged document does not mean an untouched editor	removeThread, edit and replaceComments change comment records without a user and without touching the document	BaseCommentsPlugin.ts lines 590, 666-724, 918-935, 1144 and 1227	applied: the automatic replacement branch that relied on the check is removed with the guard
2026-10-07T10:28:50Z	panel	warning (opus): Phase 1 reports a supported late-session load as a fault	the report would fire on every late-session load	plan Phase 1 step 2, Hard cuts, Defaults	applied: the report fires once per editor in development
2026-10-07T10:28:50Z	panel	warning (opus): the hook rule ignored the empty userId Phase 1 maps to no user	a raw comparison would churn editors on userId empty string	plan Phase 2 step 2	applied: the hook keys on the normalized user, with a spec for userId empty string
2026-10-07T10:28:50Z	panel	warning (opus): stale define-after-success text and an unproven construction-time reader	no view or authored write was shown during construction, which runs detached	plan Main changes, Phase 2 step 1	applied: the configurable step is dropped and editor.userId is defined once construction succeeds
2026-10-07T10:28:50Z	panel	warning (astra, opus): savesInFlight was undefined and the revert claim too strong	the app tracks saves only through mutate, a queued save starts later, and ifMatch storage can reject a stale snapshot	BaseCommentsPlugin.ts lines 726-747 and 782; comment.mdx lines 181-193	applied: the sample defines a counter around the app's save adapter and states the queued gap; the text says a stale snapshot can overwrite later changes unless storage rejects it
2026-10-07T10:28:50Z	panel	nit (opus): the mark-button check cannot run in the package spec	copied toolbars live in apps/www and render beside the content	plan Phase 1 step 2 proof	applied: a www spec renders the copied mark toolbar button; the package spec reads useEditorReadOnly from a sibling
2026-10-07T10:28:50Z	panel	nit (opus): the probe source changed after its a5 run	only the header comment changed	docs/plans/artifacts/2026-10-07-suggestions-review/bench/construction-probe-a5-source-note.txt	applied: a note records the as-run header text
2026-10-07T10:28:50Z	panel	nit (opus): the Brief no longer named a failure	the risk sat only in Defaults	plan Brief	applied: the Brief names lost unsaved work and an overwriting pending save
2026-10-07T10:28:50Z	panel	nit (opus side finding): a manual load through tx.value.replace in an authored editor with no user throws	whole-value replacement returns before the author resolver runs	scope: bun test of authored-ingress-contract loads saved proposals into an existing reader, whose resolver throws if called, on the working tree at dc927288b2: docs/plans/artifacts/2026-10-07-suggestions-review/proof/ingress-replace-a1.log; the mechanism is the early return in authored.ts lines 2373-2420, and removing it makes that test throw Loading cannot request a writer	dismissed: replacement never asks for an author; the mutation was named, not run
2026-10-07T10:29:06Z	writing	unslop pass on the round 5 fixes	each panel round's fixes get their writing passes before the next frozen tree	docs/plans/2026-10-07-suggestions-review.md; scan found no dashes, flagged vocabulary or sentence to split	applied: unslop pass on round 5 fixes, no edits needed
2026-10-07T10:47:28Z	panel	seats opus, codex:gpt-6-astra @xhigh, codex:gpt-6.1-sol @xhigh	round 5 applied a critical finding, so the changes get another round	frozen commit c4e47eb1407008ebdf53ba9c7c73f8f52aa10b6c, parent 911f8675; docs/plans/artifacts/2026-10-07-suggestions-review/panel/plan-round-6/prompt.md; docs/plans/artifacts/2026-10-07-suggestions-review/panel/plan-round-6/seat-opus.md; docs/plans/artifacts/2026-10-07-suggestions-review/panel/plan-round-6/seat-astra.md; docs/plans/artifacts/2026-10-07-suggestions-review/panel/plan-round-6/seat-sol.md	recorded: three seats answered, none missing
2026-10-07T10:47:28Z	panel	critical (astra, sol, opus): the handoff's save counter resolves before Comments publishes the saved thread	the counter settles inside the app's mutate, and Comments awaits mutate at BaseCommentsPlugin.ts line 760 and publishes through setThread at line 809, so toJSON at line 1179 misses every save in flight, not only a queued one	source read of BaseCommentsPlugin.ts lines 726-811 and 1179 at dc927288b2; each seat ran the promise ordering, Opus with the real plugin (captured threads=0 with the counter, 1 when awaiting the action); round 5 added the counter, so the loop rule reverts it and narrows the claim instead of patching it	applied: the counter leaves the Public API sample in docs/plans/2026-10-07-suggestions-review.md, and the Brief, Defaults, docs step and Open work state that a comment save pending at the switch is not carried; a public Comments settled signal stays Open work with owner zbeyens
2026-10-07T10:47:28Z	panel	critical (sol): useCreateEditor with an existing editor option cannot change that editor's user	createEditor uses inputEditor at withPlate.ts line 245, so a userId change reruns construction on the same raw editor whose userId cannot change once defined	scope: every useCreateEditor call in tracked and untracked ts, tsx, md and mdx files outside the run directory, 166 calls in 136 files, read 2026-10-07; none passes a top-level editor option and the control file that does is reported: docs/plans/artifacts/2026-10-07-suggestions-review/proof/uce-editor-option-a1.log (exit 0); the keying mechanism is unchanged, so this cuts an unused input rather than patching keying	applied: Phase 2 step 2 drops editor from the hook options with a type test that rejects it, Hard cuts and Defaults gain rows, and createEditor keeps the option
2026-10-07T10:47:28Z	panel	warning (astra, opus): the empty-user spec passes at base and under a raw key	a constant empty string is equal across renders, so only a change between undefined and the empty string shows a raw key	plan Phase 2 step 2 proof; can-propose-check-a3.log shows a Comments-only editor accepts typing with no user	applied: the spec types into a Comments-only editor and switches undefined to empty and back, keeping the same editor and text; matches the rule-only row that a test fails for its named defect, whose /pstack:correct todo is already open
2026-10-07T10:47:28Z	panel	warning (opus): the narrowed keying claim never reaches docs or JSDoc, and state loaded after creation is lost on rebuild	keying drops the old editor's unsaved document and comments, and Comments state loaded outside an effect keyed on the editor, which round 5 nit 9 named without a row	useCreateEditor.ts lines 115-125; controlled.mdx lines 256-267 keys its load effect on editor	applied: the Public API line, a Native behavior row, the userId JSDoc in Phase 2 step 2 and the docs step say a userId change drops that work
2026-10-07T10:47:28Z	panel	warning (opus): a rebuilt editor bound to the same Yjs document throws, so never throws is false	nothing disposes the outgoing editor, and the Yjs namespace claim rejects a second binding	Opus probe output in docs/plans/artifacts/2026-10-07-suggestions-review/panel/plan-round-6/seat-opus.md; controller-registry.ts lines 47-63; the repository collaboration demo uses createEditor directly, so no repository caller hits it	applied: the claim narrows to editors without exclusive bindings; Hard cuts, the ledger risk, the Native behavior row and the docs step teach a new Yjs document per user
2026-10-07T10:47:28Z	panel	warning (opus): the development-only report leaves production silent and its listed alternative was a straw man	a report on the first attempted input in every environment was the real alternative	plan Defaults and Phase 1 step 2	applied: the Defaults alternative names report on first attempted input; the pick stays because read-only content takes no focus or text input to detect (inferred) and production users see read-only content
2026-10-07T10:47:28Z	panel	warning (opus): the Public API line still said the hook refuses a different user	it contradicted Phase 2 step 2, the ledger and Defaults	plan Public API	applied: the line says the hook builds a new editor and drops the old editor's unsaved work
2026-10-07T10:47:28Z	panel	nit (opus): Phase 1 step 2's proof sentence attached the with-user case to the www spec	the with-user editable case belongs to the React spec over three content variants	plan Phase 1 step 2	applied: the with-user case moved to the React spec clause
2026-10-07T10:47:28Z	panel	nit (opus): the construction-time claim named only the detached initialize	the initialValue callback and Yjs start in afterPublish also run before editor.userId is defined	scope: git grep for userId under packages/plitejs/src/yjs and packages/platejs/src/yjs found none, and the four initialValue callbacks that take editor in packages, apps/www/src and content read no userId, 2026-10-07	applied: Main changes and Phase 2 step 1 name both points and the search
2026-10-07T10:47:28Z	panel	nit (opus): the architect graft and challenge delta still credited a hook that refuses a changed userId	panel round 5 reversed that graft	plan Architect	applied: both lines mark the graft reversed in panel round 5
2026-10-07T10:47:35Z	writing	unslop pass on the round 6 fixes	each panel round's fixes get their writing passes before the next frozen tree	docs/plans/2026-10-07-suggestions-review.md; docs/plans/topics/suggestions.md; docs/plans/artifacts/2026-10-07-suggestions-review/panel/plan-round-6/unslop-fixes.pl split three dense sentences and removed two mid-sentence colons; scan found no dashes or flagged vocabulary	applied: unslop pass on round 6 fixes
2026-10-07T11:03:18Z	panel	seats opus, codex:gpt-6-astra @xhigh, codex:gpt-6.1-sol @xhigh	round 6 applied a critical finding, so the changes get another round	frozen commit af24f7174eb685988d1f51a1851dd62e1f775b66, parent c4e47eb1; docs/plans/artifacts/2026-10-07-suggestions-review/panel/plan-round-7/prompt.md; docs/plans/artifacts/2026-10-07-suggestions-review/panel/plan-round-7/seat-opus.md; docs/plans/artifacts/2026-10-07-suggestions-review/panel/plan-round-7/seat-astra.md; docs/plans/artifacts/2026-10-07-suggestions-review/panel/plan-round-7/seat-sol.md	recorded: three seats answered, none missing
2026-10-07T11:03:18Z	panel	critical (sol; astra and opus as warnings): the editor cut passes a type-only implementation that still forwards the option	useCreateEditor.ts line 111 forwards every option except enabled and withPlate.ts line 245 enhances the supplied editor, while an Omit type rejects only a fresh literal, not an options variable or a spread	each seat's in-memory TypeScript probe in its seat file; scope: re-enhancing an editor createEditor already enhanced, with the same user and with bob, through the real createEditor on the working tree at dc927288b2, 2026-10-07, throws Plate plugins are fixed after model publication, and a fresh supplied editor builds: docs/plans/artifacts/2026-10-07-suggestions-review/probes/supplied-editor-reenhance-a1.log (exit 0); round 6 added the cut, so the loop rule reverts it and narrows the claim	applied: the cut is reverted in Phase 2 step 2, Hard cuts, the ledger and Defaults of docs/plans/2026-10-07-suggestions-review.md; the claim narrows to say that with a supplied editor a change of user throws as any rebuild of that editor already does, so the hook never hands back an editor for the wrong user
2026-10-07T11:03:18Z	panel	warning (astra, opus): the docs step missed the API references for createEditor and useCreateEditor	content/docs/api/core.mdx and content/docs/api/react-hooks.mdx teach no userId, so the census never listed them	core.mdx lines 228-240 and react-hooks.mdx lines 18-21 read 2026-10-07	applied: Phase 2's docs step names both references and their Chinese twins and the facts they state
2026-10-07T11:03:18Z	panel	warning (opus): the pending-save limit named only an added thread	a pending removal, edit or resolution is already persisted by mutate, so saving the new editor's older comments can undo it in storage	BaseCommentsPlugin.ts lines 177-181, 760, 809 and 1214-1253	applied: the Brief, sample comment, Defaults, docs step and Open work say a pending comment change can be undone, a removed thread or message restored included
2026-10-07T11:03:18Z	panel	warning (sol, opus): the Yjs remedy failed a switch back to an earlier user and had no proof	an undisposed editor keeps its binding, so a cached per-user document blocks the user's next editor, and the loading default walks into the same throw	scope: Plate createEditor with platejs/yjs on the working tree at dc927288b2, 2026-10-07; a no-user editor then alice on the same document throws the independent-binding error, bob on his own document builds, alice on her earlier document throws, and both fresh-document controls build: docs/plans/artifacts/2026-10-07-suggestions-review/probes/yjs-rebind-a1.log (exit 0)	applied: Hard cuts, Native behavior, the ledger, Defaults and the docs step teach a fresh document and binding for each new editor, a switch back included, and enabled while the session loads; no hook spec, because the binding rule is Plite's and packages/plitejs/test/yjs/shared-effect-compaction-contract.spec.ts line 432 tests it
2026-10-07T11:03:18Z	panel	warning (opus): useCreateEditor never disposes the editor it replaces	the old editor keeps its Yjs binding and subscriptions until garbage collection	git grep found no editor dispose call under packages/platejs/src/react or packages/plitejs/src/react, 2026-10-07; inferred that nothing else disposes it	deferred: owner: zbeyens, who decides whether the hook disposes a replaced editor; tracked in docs/plans/topics/suggestions.md Open work
2026-10-07T11:03:18Z	panel	nit (opus): the empty-user spec passes at base, so its named defect needs a run	only a raw userId key churns between undefined and the empty string	plan Phase 2 step 2 proof	applied: the step names a mutate.mjs run that keys on the raw userId and must fail the spec
2026-10-07T11:03:18Z	panel	nit (opus): the Yjs-start claim cited a grep that cannot see an indirect author read	a read through authored's actor would not mention userId	packages/plitejs/src/yjs/core/controller.ts lines 1221-1225 and packages/plitejs/src/yjs/core/editor-adapter.ts lines 148-208 read 2026-10-07: an authored document only applies received effects through a trusted remote update	applied: Main changes and Phase 2 step 1 cite that source
2026-10-07T11:03:18Z	panel	nit (opus side finding): the round 6 cut answered a critical against keying without citing the loop rule	keying was round 5's replacement of the guard	round 6 critical (sol) row in this log	applied: the cut is reverted this round, which the loop rule allows
2026-10-07T11:03:18Z	panel	nit (opus side finding): core.cn.mdx documents editor under createEditor and has no useCreateEditor section	the Chinese twin drifted before this plan	content/docs/api/core.cn.mdx line 28	applied: Phase 2's docs step runs plate-docs on core.mdx with its Chinese twin
2026-10-07T11:03:18Z	plan	round 6 Yjs and editor-cut evidence replaced	the round 6 Yjs warning row cited Opus's probe output, which its author said to rerun through proof.mjs, and the round 6 editor cut is reverted	docs/plans/artifacts/2026-10-07-suggestions-review/probes/yjs-rebind-a1.log; docs/plans/artifacts/2026-10-07-suggestions-review/probes/supplied-editor-reenhance-a1.log	superseded: the round 6 Yjs warning row's evidence by probes/yjs-rebind-a1.log, and the round 6 critical (sol) row's cut by this round's revert
2026-10-07T11:03:18Z	writing	unslop pass on the round 7 fixes	each panel round's fixes get their writing passes before the next frozen tree	docs/plans/2026-10-07-suggestions-review.md; docs/plans/topics/suggestions.md; docs/plans/artifacts/2026-10-07-suggestions-review/panel/plan-round-7/unslop-fixes.pl split the docs step's four-part sentence; the apply script already replaced one mid-sentence colon; scan found no dashes or flagged vocabulary	applied: unslop pass on round 7 fixes
2026-10-07T11:17:29Z	panel	seats opus, codex:gpt-6-astra @xhigh, codex:gpt-6.1-sol @xhigh	round 7 applied a critical finding, so the changes get another round	frozen commit 59d79a599791cb1cc6eb3078bbc807637494d0f7, parent af24f717; docs/plans/artifacts/2026-10-07-suggestions-review/panel/plan-round-8/prompt.md; docs/plans/artifacts/2026-10-07-suggestions-review/panel/plan-round-8/seat-opus.md; docs/plans/artifacts/2026-10-07-suggestions-review/panel/plan-round-8/seat-astra.md; docs/plans/artifacts/2026-10-07-suggestions-review/panel/plan-round-8/seat-sol.md	recorded: three seats answered, none missing
2026-10-07T11:17:29Z	panel	critical (opus): the round 7 Yjs advice routes Yjs editors through useCreateEditor, which StrictMode makes build twice	React runs a useMemo factory twice under StrictMode in development, and the second Yjs editor claims a namespace the first holds, so the taught path throws on first mount before any user switch	scope: useCreateEditor rendered through React DOM and happy-dom on the working tree at dc927288b2, 2026-10-07; under StrictMode a Yjs editor throws the independent-binding error and a supplied editor throws Plate plugins are fixed after model publication, while the plain-editor StrictMode control and both no-StrictMode runs build: docs/plans/artifacts/2026-10-07-suggestions-review/probes/hook-strictmode-a2.log (exit 0); the Yjs advice was replaced once in round 7, so the loop rule removes it and narrows the claim	applied: the Yjs advice leaves Hard cuts, Native behavior, the ledger, Defaults and the docs step of docs/plans/2026-10-07-suggestions-review.md; the claim narrows to say Yjs editors come from createEditor outside render, as yjs.mdx teaches; the StrictMode double build is Open work
2026-10-07T11:17:29Z	panel	warning (astra, sol, opus): the supplied-editor throw missed the JSDoc, the migration row, the loading default, the docs step and the Public API line	round 7 narrowed the claim in the step and ledger only	plan Phase 2 steps 2 and 6, Hard cuts, Defaults, Public API; packages/platejs/src/internal/plugin/resolvePlugins.spec.tsx line 941 pins the throw	applied: each of those places names the throw with a supplied editor, and the JSDoc step cites that test
2026-10-07T11:17:29Z	panel	warning (astra): the round 7 fresh-document controls proved construction, not a usable editor	an empty document without seed waits for a seed and refuses writes	scope: Plate createEditor with platejs/yjs on the working tree at dc927288b2, 2026-10-07; a fresh document holding the room state accepts an edit, the same room document throws the binding error, and an empty unseeded document refuses the edit: docs/plans/artifacts/2026-10-07-suggestions-review/probes/yjs-rebind-edit-a1.log (exit 0)	applied: the evidence is relabeled, and the plan no longer teaches the remedy after the critical's removal
2026-10-07T11:17:29Z	panel	warning (opus): the dispose Open work framed a decision with no working answer and dropped provider teardown	a hook that builds during render throws before any cleanup of the old editor runs	useCreateEditor.ts lines 115-125; plugin.ts lines 199-207 release the lease only in plugin cleanup	applied: the plan and subject Open work now ask who builds editors that claim outside resources, owner zbeyens; provider teardown is moot because the plan no longer teaches Yjs through the hook
2026-10-07T11:17:29Z	panel	nit (opus): the round 7 return-switch case failed against the no-user editor's document, not an earlier Alice editor	the late-session Alice build threw and bound nothing	docs/plans/artifacts/2026-10-07-suggestions-review/probes/yjs-rebind-a1.log; controller-registry.ts line 59	applied: the Panel round 8 subsection corrects the wording; one owner check decides both
2026-10-07T11:17:29Z	panel	nit (opus side finding): the supplied-editor rebuild error names initialState, not the rebuild	a developer who switches users with a supplied editor reads advice about plugin configuration	resolvePlugins.ts lines 540-544	deferred: owner: zbeyens, in the useCreateEditor Open work item of docs/plans/topics/suggestions.md
2026-10-07T11:17:29Z	plan	hook StrictMode probe a1 replaced	a1 caught the hook's throw inside render, which broke React's hook state and printed a React internal error	docs/plans/artifacts/2026-10-07-suggestions-review/probes/hook-strictmode-a1.log; docs/plans/artifacts/2026-10-07-suggestions-review/probes/hook-strictmode-a2.log	superseded: hook-strictmode-a1.log by hook-strictmode-a2.log, which reads the throw through an error boundary
2026-10-07T11:17:29Z	writing	unslop pass on the round 8 fixes	each panel round's fixes get their writing passes before the next frozen tree	docs/plans/2026-10-07-suggestions-review.md; docs/plans/topics/suggestions.md; docs/plans/artifacts/2026-10-07-suggestions-review/panel/plan-round-8/unslop-fixes.pl split the Open work sentence and smoothed the StrictMode clause; a Defaults code span became plain words; scan found no dashes or flagged vocabulary	applied: unslop pass on round 8 fixes
2026-10-07T11:27:43Z	panel	seats opus, codex:gpt-6-astra @xhigh, codex:gpt-6.1-sol @xhigh	round 8 applied a critical finding, so the changes get another round	frozen commit 54adda8b6406e70558844aaa3e6bd04c62225809, parent 59d79a59; docs/plans/artifacts/2026-10-07-suggestions-review/panel/plan-round-9/prompt.md; docs/plans/artifacts/2026-10-07-suggestions-review/panel/plan-round-9/seat-opus.md; docs/plans/artifacts/2026-10-07-suggestions-review/panel/plan-round-9/seat-astra.md; docs/plans/artifacts/2026-10-07-suggestions-review/panel/plan-round-9/seat-sol.md	recorded: three seats answered, none missing
2026-10-07T11:27:43Z	panel	critical (opus): removing the Yjs advice also deleted the hook-independent fact that a new editor cannot bind a Yjs document an earlier editor holds	an editor's Yjs binding is released only by plugin cleanup on removal or replacement, the editor types expose no dispose, and userId no longer changes in place, so a Yjs app that switches users throws in production	scope: Plate createEditor called directly, outside any hook or render, with platejs/yjs on the working tree at dc927288b2, 2026-10-07; a new editor on a document an earlier editor binds throws the independent-binding error, and a fresh document holding the room state accepts an edit: docs/plans/artifacts/2026-10-07-suggestions-review/probes/yjs-rebind-a1.log (exit 0) and docs/plans/artifacts/2026-10-07-suggestions-review/probes/yjs-rebind-edit-a1.log (exit 0); git grep found no dispose or destroy member in packages/plitejs/src/interfaces/editor.ts or packages/platejs/src/lib/editor/Editor.ts; the Yjs advice already left the loop, so the fix states the limit and adds no remedy	applied: Hard cuts, Native behavior, the ledger, Defaults and the docs step of docs/plans/2026-10-07-suggestions-review.md state the limit, as yjs.mdx teaches is dropped, and the Open work in both files widens to every Plate editor built with a Yjs plugin
2026-10-07T11:27:43Z	panel	warning (astra, sol, opus): the supplied-editor exception was broader than its evidence and two rows still promised a new editor	a fresh supplied editor builds; only reusing the same enhanced editor throws	docs/plans/artifacts/2026-10-07-suggestions-review/probes/supplied-editor-reenhance-a1.log fresh-editor control; Sol's stdin probe through the hook in docs/plans/artifacts/2026-10-07-suggestions-review/panel/plan-round-9/seat-sol.md	applied: every place now says reuses the same supplied editor, including the Hard cuts late-session row and the Defaults row on a change of user
2026-10-07T11:27:43Z	panel	warning (sol, opus): the resolvePlugins test cited for the supplied-editor throw never calls the hook	a hook that drops the supplied editor or skips the user key for it passes that test	resolvePlugins.spec.tsx lines 926-944; Sol's in-memory hook mutation in docs/plans/artifacts/2026-10-07-suggestions-review/panel/plan-round-9/seat-sol.md	applied: Phase 2 step 2 adds a hook spec that reuses one supplied editor from alice to bob and expects the throw, with mutate.mjs runs that drop the editor and that skip the user key, and the citation is removed
2026-10-07T11:27:43Z	panel	nit (opus): the Defaults row keeping the hook's editor option gave no reason	round 8 asked to weigh it again after the StrictMode first-mount throw	plan Defaults	applied: the row says two rounds found the cut's proof wrong and the owner decides the hook's build model in Open work
2026-10-07T11:27:43Z	panel	nit (opus side finding): the docs do not say a supplied editor fails on first mount under StrictMode	that failure predates this plan	docs/plans/artifacts/2026-10-07-suggestions-review/probes/hook-strictmode-a2.log	deferred: owner: zbeyens, under the useCreateEditor and Yjs Open work item in docs/plans/topics/suggestions.md
2026-10-07T11:27:43Z	plan	round 8 provider-teardown row corrected	round 8 called provider teardown moot because the plan no longer taught Yjs through the hook, but the teardown concern comes from a Yjs user switch, which still needs a new editor	round 8 warning (opus) row on the dispose Open work in this log	superseded: that row's moot reason, by the round 9 Yjs limit and the widened Open work item
2026-10-07T11:27:43Z	writing	unslop pass on the round 9 fixes	each panel round's fixes get their writing passes before the next frozen tree	docs/plans/2026-10-07-suggestions-review.md; docs/plans/topics/suggestions.md; docs/plans/artifacts/2026-10-07-suggestions-review/panel/plan-round-9/unslop-fixes.pl replaced a figurative verb; scan found no dashes, flagged vocabulary or mid-sentence colons	applied: unslop pass on round 9 fixes
2026-10-07T11:39:28Z	panel	seats opus, codex:gpt-6-astra @xhigh, codex:gpt-6.1-sol @xhigh	round 9 applied a critical finding, so the changes get another round	frozen commit 7a1ffdfc4bae0b3eda93a8915139a2c63790419f, parent 54adda8b; docs/plans/artifacts/2026-10-07-suggestions-review/panel/plan-round-10/prompt.md; docs/plans/artifacts/2026-10-07-suggestions-review/panel/plan-round-10/seat-opus.md; docs/plans/artifacts/2026-10-07-suggestions-review/panel/plan-round-10/seat-astra.md; docs/plans/artifacts/2026-10-07-suggestions-review/panel/plan-round-10/seat-sol.md	recorded: three seats answered, none missing
2026-10-07T11:39:28Z	panel	critical (sol, astra, opus): the round 9 Yjs limit claimed no public release exists, which is false for raw yjs()	raw yjs() releases its binding through the cleanup editor.install returns or a plugin slot, while Plate's YjsPlugin, which yjs.mdx teaches and CollaborationPlugin builds on, installs only at creation and cannot be slotted	scope: Plate createEditor with platejs/yjs and with YjsPlugin on the working tree at dc927288b2, 2026-10-07; a slotted raw yjs() binding releases through tx.plugins.reconfigure and a new editor then binds and edits the same document, while the same-document control throws: docs/plans/artifacts/2026-10-07-suggestions-review/probes/yjs-release-a1.log (exit 0); YjsPlugin at creation blocks a second editor on its document, with a fresh-document control that builds, and YjsPlugin throws when installed after creation or slotted: docs/plans/artifacts/2026-10-07-suggestions-review/probes/yjsplugin-release-a1.log (exit 0)	applied: every Yjs sentence in docs/plans/2026-10-07-suggestions-review.md and docs/plans/topics/suggestions.md now limits the lifetime claim to YjsPlugin, names the raw yjs() release paths in Native behavior and Open work, and drops the fresh-document clause, so the plan adds no remedy
2026-10-07T11:39:28Z	panel	warning (sol, astra, opus): the Yjs limit missed the Brief, the Public API line, the editor.runtime and switch rows, the switch Defaults, the hook's JSDoc and the yjs.mdx page	a reader meets a user switch in each of those places	plan Brief, Public API, Hard cuts, Defaults, Phase 2 steps 2 and 6; git grep found no userId in the files that import platejs/yjs	applied: each of those places names the limit, and the docs step adds yjs.mdx with its Chinese twin
2026-10-07T11:39:28Z	panel	warning (opus): the supplied-editor spec could pass a guard that throws on every supplied editor	the plan promises that a fresh supplied editor per user works, and no case checked it	Opus's stdin probe with a fresh supplied editor per user in docs/plans/artifacts/2026-10-07-suggestions-review/panel/plan-round-10/seat-opus.md; docs/plans/artifacts/2026-10-07-suggestions-review/probes/supplied-editor-reenhance-a1.log fresh-editor control	applied: Phase 2 step 2's spec runs outside StrictMode, checks the alice mount, adds a fresh supplied editor that must return bob's editor, and adds a mutate.mjs run that throws on any supplied editor
2026-10-07T11:39:28Z	panel	nit (opus): the spec wording did not say after the change or outside StrictMode	under StrictMode a supplied editor throws on first mount, which would satisfy the throw for a mutant	plan Phase 2 step 2	applied: folded into the spec rewrite above
2026-10-07T11:39:28Z	panel	nit (opus): the Defaults reason counted two rounds that found the cut's proof wrong	only round 7 found it; round 6 found the defect behind the cut	decision log rows for rounds 6 and 7	applied: the Defaults row names round 7
2026-10-07T11:39:28Z	panel	nit (opus side finding): YjsPlugin's install and slot errors do not say why they fail	Expected value to be defined and does not carry a raw authored definition name no cause	docs/plans/artifacts/2026-10-07-suggestions-review/probes/yjsplugin-release-a1.log	deferred: owner: zbeyens, in the YjsPlugin and useCreateEditor Open work item of docs/plans/topics/suggestions.md
2026-10-07T11:39:28Z	writing	unslop pass on the round 10 fixes	each panel round's fixes get their writing passes before the next frozen tree	docs/plans/2026-10-07-suggestions-review.md; docs/plans/topics/suggestions.md; docs/plans/artifacts/2026-10-07-suggestions-review/panel/plan-round-10/unslop-fixes.pl tightened the supplied-editor spec sentence; the Brief stays under 40 words; scan found no dashes, flagged vocabulary or mid-sentence colons	applied: unslop pass on round 10 fixes
2026-10-07T12:06:52Z	panel	seats opus, codex:gpt-6-astra @xhigh, codex:gpt-6.1-sol @xhigh	round 10 applied a critical finding, so the changes get another round	frozen commit 80b25e0a7e653f79ffe570d3c1b33d9c4bd97213, parent 7a1ffdfc; docs/plans/artifacts/2026-10-07-suggestions-review/panel/plan-round-11/prompt.md; docs/plans/artifacts/2026-10-07-suggestions-review/panel/plan-round-11/seat-opus.md; docs/plans/artifacts/2026-10-07-suggestions-review/panel/plan-round-11/seat-astra.md; docs/plans/artifacts/2026-10-07-suggestions-review/panel/plan-round-11/seat-sol.md	recorded: three seats answered, none missing, no critical finding, so the loop ends
2026-10-07T12:06:52Z	panel	warning (opus): the Yjs limit said while the old editor lives, but the binding lasts as long as the document	the namespace registry holds the owner editor strongly, and only plugin cleanup releases it	controller-registry.ts lines 10-16 and 87-94; Opus's gc probe in docs/plans/artifacts/2026-10-07-suggestions-review/panel/plan-round-11/seat-opus.md	applied: the one Yjs sentence in Native behavior of docs/plans/2026-10-07-suggestions-review.md says the binding holds until its plugin is removed and that dropping or unmounting the editor does not free it
2026-10-07T12:06:52Z	panel	warning (opus): the Yjs limit was drawn by factory instead of by how the binding was installed	a raw yjs() passed at creation outside a slot is held like YjsPlugin	packages/plitejs/src/interfaces/editor.ts lines 637-646; Opus's probe in docs/plans/artifacts/2026-10-07-suggestions-review/panel/plan-round-11/seat-opus.md	applied: the Native behavior sentence covers every binding installed at creation outside a slot and names install and slot releases
2026-10-07T12:06:52Z	panel	warning (sol): the Yjs limit omitted the namespace	another rootName on the same document stays usable	controller-registry.ts line 54; Sol's probe in docs/plans/artifacts/2026-10-07-suggestions-review/panel/plan-round-11/seat-sol.md	applied: the Native behavior sentence names the Y.Doc and rootName, and every other place points to it
2026-10-07T12:06:52Z	panel	warning (opus): the currentUserId migration row and the switch Defaults lacked the Yjs limit	an app with Comments over Yjs meets the switch there	plan Hard cuts and Defaults at the frozen commit	applied: both point to the Native behavior sentence
2026-10-07T12:06:52Z	panel	nit (opus): the install-cleanup release cited a log that runs only the slot path	yjs-release.ts runs tx.plugins.reconfigure only	apps/www/src/registry/examples/collaboration-demo.tsx lines 293-302 install and uninstall a raw yjs()	applied: the Native behavior proof column cites those lines
2026-10-07T12:06:52Z	panel	nit (opus): installing after creation fails for every Plate plugin, not only YjsPlugin	the Open work blamed YjsPlugin for a Plate-wide limit	Opus's install probes in docs/plans/artifacts/2026-10-07-suggestions-review/panel/plan-round-11/seat-opus.md	applied: the Open work in the plan and subject file asks whether a Plate plugin that claims an outside resource can be installed after creation or in a slot
2026-10-07T12:06:52Z	panel	nit (opus): the fresh supplied-editor case needed the same mount after alice and an identity check	a fresh mount of bob would let the throw-on-supplied mutation survive	Opus's simulation in docs/plans/artifacts/2026-10-07-suggestions-review/panel/plan-round-11/seat-opus.md	applied: Phase 2 step 2 says in the same mount after alice and checks the fresh editor object
2026-10-07T12:06:52Z	panel	nit (opus side finding): editor-api.mdx does not say editor.install takes only runtime plugins	every Plate plugin fails there with a bare internal error	content/docs/api/editor-api.mdx lines 435-441	deferred: owner: zbeyens, under the Open work item on installing Plate plugins after creation in docs/plans/topics/suggestions.md
2026-10-07T12:06:52Z	panel	nit (opus side finding): apps/www sets reactStrictMode true, so the supplied-editor first-mount throw hits development here	it confirms the round 10 side finding	apps/www/next.config.ts line 134	dismissed: no new work; the existing useCreateEditor Open work item already covers it
2026-10-07T12:06:52Z	plan	solo-mode review: an editor with no userId writes as the local user 'local'	the owner typed: hmm i dont like we need to put userId when not collaborating. AI could be used in solo mode. merge a new /best-api-review before continuing; Plite's law forbids only an engine-invented author, and plate.md lets Plate ship product defaults	docs/plans/artifacts/2026-10-07-suggestions-review/how-solo/reply.md; docs/research/decisions/authored-change-ownership.md Writer identity; docs/research/review-records/2026-09-16-authored-writer-identity.json; VISION.md line 90; five lanes in the plan's Lanes, the explainer's kit-level pick among them	decided: the verdict stays Pursue; docs/plans/2026-10-07-suggestions-review.md now defaults the user to 'local', refuses that default for an authored editor with a Yjs plugin, and repairs the Writer identity section in Phase 2's docs step
2026-10-07T12:06:52Z	plan	cut the writable-content check, its start gate, the late-session read-only state and no-user control gating	every editor now has a user, so the read-only state and its machinery protect nothing	plan Phase 1 step 2, Start gates, Defaults and ledger before the revision: docs/plans/artifacts/2026-10-07-suggestions-review/solo/plan-before-solo.md	applied: the revised plan has none of them; the start gate on another session's content component is gone
2026-10-07T12:06:52Z	plan	reverse the executed bug fix's demo user IDs in the build	the local user makes the demos type, and the owner does not want userId where nobody collaborates	docs/plans/2026-10-07-editorkit-missing-user.md; the nine registry examples and six docs pages it changed	decided: Phase 1 step 3 removes them, deletes its changelog entry and notes the reversal in that plan's Close
2026-10-07T12:06:52Z	plan	no architect rerun for the solo default	the revision changes one policy inside the picked target and the review compared five lanes; the Defaults row's word architect reruns it	plan Defaults row on rerunning the arena	decided: the revised plan goes to a panel round before any behavior edit, as the Review rule asks for a design change
2026-10-07T12:06:52Z	writing	unslop pass on the solo-mode revision and round 11 fixes	each panel round's fixes and each revision get their writing passes before the next frozen tree	docs/plans/2026-10-07-suggestions-review.md; docs/plans/topics/suggestions.md; docs/plans/artifacts/2026-10-07-suggestions-review/solo/unslop.pl made one passive sentence active; the Brief answers stay under 40 words; scan found no dashes, flagged vocabulary or mid-sentence colons	applied: unslop pass on the solo revision
2026-10-07T12:21:55Z	panel	seats opus, codex:gpt-6-astra @xhigh, codex:gpt-6.1-sol @xhigh	the owner's solo-mode review changed the design for a reason other than a round's findings, so the revision gets its own round	frozen commit 2a04e04c34dc924e361af8aec98b7e6a21fdb104, parent 80b25e0a; docs/plans/artifacts/2026-10-07-suggestions-review/panel/plan-round-12/prompt.md; docs/plans/artifacts/2026-10-07-suggestions-review/panel/plan-round-12/seat-opus.md; docs/plans/artifacts/2026-10-07-suggestions-review/panel/plan-round-12/seat-astra.md; docs/plans/artifacts/2026-10-07-suggestions-review/panel/plan-round-12/seat-sol.md	recorded: three seats answered, none missing
2026-10-07T12:21:55Z	panel	critical (opus; astra and sol as warnings): the Yjs refusal ran after the binding claimed its namespace, so a corrected retry on the same document threw	capability and plugin reads see published state, and yjs() claims the namespace in activate and starts in afterPublish, which construction runs before returning	packages/plitejs/src/yjs/core/plugin.ts lines 104-111 and 199-208; packages/plitejs/src/create-editor.ts line 331; Astra's and Sol's stand-in probes in their seat files show the retry failing	applied: the refusal is replaced by a warning in Phase 1 step 2 of docs/plans/2026-10-07-suggestions-review.md, so nothing throws and nothing stays claimed
2026-10-07T12:21:55Z	panel	critical (opus): refusing at creation broke actorless reads, which the 2026-09-16 Stop keeps	a read-only Yjs viewer, preview or export process would need a made-up userId	docs/research/review-records/2026-09-16-authored-writer-identity.json rejected identity at construction or activation; the plan's Requirements list actorless reads	applied: the warning blocks no reader, so the Stop record and the Reconciled reviews line stay true
2026-10-07T12:21:55Z	panel	critical (sol; opus as a warning): the Yjs refusal rejected one person using Yjs only for persistence	a Yjs plugin does not show that more than one person writes	Sol's solo Yjs probe in docs/plans/artifacts/2026-10-07-suggestions-review/panel/plan-round-12/seat-sol.md; packages/plitejs/src/yjs/core/types.ts line 65	applied: such an editor builds and warns once, and the docs say it can pass any stable ID
2026-10-07T12:21:55Z	panel	critical (astra; sol as a warning): Comments-only Yjs editors passed the authored check and shared the local user	Comments needs an actor but no authored capability	BaseCommentsPlugin.ts lines 993-1002, 1232 and 1252; Astra's and Sol's probes in their seat files	applied: the warning keys on the Yjs plugin alone, so it covers Comments-only editors; the claim narrows to a warning, and collaborators who ignore it share one author
2026-10-07T12:21:55Z	panel	warning (opus): the check keyed a refusal on the plugin name, which plite.md keeps for diagnostics only	names are not dependency identity	docs/vision/plite.md lines 104-109; docs/vision/plate.md lines 237-238	applied: the name now drives only a diagnostic warning
2026-10-07T12:21:55Z	panel	warning (opus): the Yjs proof covered only a raw yjs()	YjsPlugin and CollaborationPlugin go to the Plate plugin list	withPlate partition at withPlite.ts lines 854-875	applied: the warning proof runs YjsPlugin and a raw yjs()
2026-10-07T12:21:55Z	panel	warning (opus): Phase 1 step 3 misdescribed the bug fix's docs edits and missed five demo users set before it	the AI page gained userId lines and a sentence that becomes false, and ai-demo, code-block-codemirror-demo, code-block-demo, code-block-huge-demo and demo set userId demo at HEAD	scope: git diff HEAD over the six docs pages and git grep -F at HEAD over apps/www/src, 2026-10-07	applied: step 3 removes all fourteen demo users and the AI page's userId lines and sentence, keeps the find and comment corrections, regenerates the changelog output and reruns the eight-route typing sweep
2026-10-07T12:21:55Z	panel	warning (astra, sol, opus): the bug fix plan and the subject file still promised the read-only check or treated a no-user setup as a defect	those are current claims, not history	docs/plans/2026-10-07-editorkit-missing-user.md lines 7, 13, 32, 46 and 61; docs/plans/topics/suggestions.md line 85	applied: both files now point to the local user default, and the CI item names an example that cannot type
2026-10-07T12:21:55Z	panel	warning (opus): the late-session Defaults row said pre-session work is dropped, but comments and autosaves are saved as the local user	Comments saves through mutate immediately	BaseCommentsPlugin.ts mutate path; authored.ts lines 3457-3465	applied: the row says what is saved as the local user
2026-10-07T12:21:55Z	panel	warning (opus): no step proved deciding and commenting through the copied UI with no userId, and the Writer identity repair waited for Phase 2	the owner's case runs through the copied discussion card, and a Phase 2 revert would leave the law contradicting Phase 1	plan Phase 2 steps 3, 5 and 6	applied: Phase 2 step 5 adds a discussion spec, and Phase 1 step 2 repairs the Writer identity section
2026-10-07T12:21:55Z	panel	nit (opus): lane count, two places that said Yjs document, the reversed graft, and the local author label	each disagreed with the revised text	plan Defaults, Phase 2 step 2, Architect grafts, Public API	applied: all four corrected
2026-10-07T12:21:55Z	writing	unslop pass on the round 12 fixes	each panel round's fixes get their writing passes before the next frozen tree	docs/plans/2026-10-07-suggestions-review.md; docs/plans/2026-10-07-editorkit-missing-user.md; docs/plans/topics/suggestions.md; docs/plans/artifacts/2026-10-07-suggestions-review/panel/plan-round-12/unslop-fixes.pl replaced a mid-sentence colon; the Brief stays under 40 words	applied: unslop pass on round 12 fixes
2026-10-07T12:33:19Z	panel	seats opus, codex:gpt-6-astra @xhigh, codex:gpt-6.1-sol @xhigh	round 12 applied critical findings, so the changes get another round	frozen commit ba9c188f5429122f9eac5aae00f8908411378d7e, parent 2a04e04c; docs/plans/artifacts/2026-10-07-suggestions-review/panel/plan-round-13/prompt.md; docs/plans/artifacts/2026-10-07-suggestions-review/panel/plan-round-13/seat-opus.md; docs/plans/artifacts/2026-10-07-suggestions-review/panel/plan-round-13/seat-astra.md; docs/plans/artifacts/2026-10-07-suggestions-review/panel/plan-round-13/seat-sol.md	recorded: three seats answered, none missing, no critical finding, so the loop ends
2026-10-07T12:33:19Z	panel	warning (opus, astra, sol): the creation-time warning fired for plain Yjs editors and missed Yjs added as a dependency or through editor.install	input names ignore resolved dependencies and enablement, and plain Yjs editors never read the user	yjs.mdx lines 86-98; collaboration-demo.tsx lines 449-494; resolvePlugins.ts lines 1980-1999; Astra's and Sol's dependency probes in their seat files; DebugPlugin.ts lines 35-80	applied: Phase 1 step 2 of docs/plans/2026-10-07-suggestions-review.md warns through editor.api.debug.warn at the first write or comment as the local user while a published, enabled plugin is keyed yjs, with direct, dependency and installed cases warning and plain Yjs and a disabled plugin silent
2026-10-07T12:33:19Z	panel	warning (astra, opus): no proof pinned the Comments-only Yjs case	an implementation keeping the authored condition passed every listed case	plan Phase 1 step 2 and Phase 2 step 3	applied: Phase 2 step 3 adds a Comments-only YjsPlugin spec that warns at the first comment, with a mutate.mjs run that requires the authored capability and fails it
2026-10-07T12:33:19Z	panel	warning (astra, sol, opus): two of the eight sweep routes never reach typing	tabbable-demo and editable-voids-demo time out on toBeAttached in both base and fixed runs	docs/plans/artifacts/2026-10-07-suggestions-review/proof/typing-sweep-base-a3.log; docs/plans/artifacts/2026-10-07-suggestions-review/proof/typing-sweep-fixed-a3.log; typing-sweep.spec.ts lines 21-27	applied: Phase 1 step 3 counts the six routes that reach the editor plus ai-demo and demo and names the two as limits; the bug fix plan's Proof says six
2026-10-07T12:33:19Z	panel	warning (opus): removing ai-demo's demo user split its identities and relabeled You as local	its Comments user and directory stay keyed demo	apps/www/src/registry/examples/ai-demo.tsx lines 17-30; discussion.tsx line 921	applied: Phase 1 step 3 rekeys ai-demo's Comments user and directory to the local user named You
2026-10-07T12:33:19Z	panel	nit (opus, astra, sol): stale refusal wording, an overstated Brief, AI page proof blind spots, Phase 1 docs coverage and the bug fix tense	each disagreed with the warning design or missed a shortcut	plan Lanes, Performance, Brief, Phase 1 steps 2 and 3; content/docs AI pages; docs/plans/2026-10-07-editorkit-missing-user.md	applied: the lane, Performance and Brief describe the warning; the AI proof greps both languages and userId lines; the userId JSDoc and core.mdx move into Phase 1 and the Writer identity repair runs through best-api repair; the bug fix lead reads in the future tense
2026-10-07T12:33:19Z	panel	nit (opus side finding): multi-user Comments through a backend without Yjs shares the local user with no warning, and the 2026-09-16 record's reasons apply to the Plate default	the plan named only collaborators in general and said the record stays true	BaseCommentsPlugin.ts lines 998-1001; docs/research/review-records/2026-09-16-authored-writer-identity.json line 25	applied: What it costs names the Comments case, and Reconciled reviews retains the record for the engine and names its reasons as costs the owner accepted
2026-10-07T12:33:19Z	writing	unslop pass on the round 13 fixes	each panel round's fixes get their writing passes before the plan goes on	docs/plans/2026-10-07-suggestions-review.md; docs/plans/2026-10-07-editorkit-missing-user.md; docs/plans/artifacts/2026-10-07-suggestions-review/panel/plan-round-13/unslop-fixes.pl replaced a mid-sentence colon; the Brief stays under 40 words	applied: unslop pass on round 13 fixes
2026-10-07T12:36:14Z	build	blast radius of the local user default before code moves	the Build playbook runs blast-radius on a public API change first, so callers outside the plan's sweep are known	scope: six public Plate calls with no userId against userId local on the working tree at dc927288b2, 2026-10-07, through the real createEditor, DefaultAuthoredPlugin, BaseSuggestionPlugin, proposeAuthoredComparison and BaseCommentsPlugin from package source: docs/plans/artifacts/2026-10-07-suggestions-review/blast/no-user-readers-a3.log (exit 0); census greps in docs/plans/artifacts/2026-10-07-suggestions-review/blast/writeup.md	verified: every no-user reader is in the plan's list except proposeAuthoredComparison and three specs that assert the proposal-mode throw; both are added to Native behavior and Phase 1 step 2, and templates regenerate in CI
2026-10-07T12:40:49Z	build	pre-edit copy of oxlint.config.ts taken after the first edit	the file held another session's staged work and the run edited it before copying, which the Git rule forbids	docs/plans/artifacts/2026-10-07-suggestions-review/pre-edit/oxlint.config.ts is the staged version, which equals the working file before the edit, because git diff showed no unstaged change until this run's two allowlist lines	corrected: the copy restores the pre-edit state; this run's change against it is the two allowlist lines
2026-10-07T12:46:59Z	build	AuthoredPlugin exports a finite descriptor type through a cast, as HistoryPlugin and TransferPlugin do	the inferred runtime extension type inlines Plite's unexported PrivatePluginReferenceBrand, so declaration output fails with TS4094; repairing BasePlugin.extend's generic is outside this plan	packages/plitejs/src/interfaces/editor.ts lines 2733-2741; packages/platejs/src/lib/plugins/HistoryPlugin.ts and TransferPlugin.ts; docs/plans/artifacts/2026-10-07-suggestions-review/build-typecheck-authored-2.log shows TS4094 and build-typecheck-authored-4.log exit 0 after the descriptor	decided: look default; the cast joins the as unknown as sample that docs/plans/topics/correct.md already tracks as open work, and the word repair builder type reopens it
2026-10-07T12:46:59Z	build	authored gets its own task partition and two bridge files join the plitejs allowlist	the authored to core edge made the proxies partition cycle through core, and the new AuthoredPlugin.ts and editorUser.internal.ts read plitejs	tooling/entrypoints/entrypoint-dag.mjs taskPartitions; oxlint.config.ts platePliteBridgePatterns; docs/plans/artifacts/2026-10-07-suggestions-review/build-typecheck-proxies-1.log shows TS6202; pre-edit copies under docs/plans/artifacts/2026-10-07-suggestions-review/pre-edit/	decided: look default for the owner's review of the lint and partition configuration; the word drop bridge reopens it
2026-10-07T12:59:13Z	build	Phase 1 package and copied-UI specs pass on the changed source	the local user default, the NUL rule, retention and the Yjs warning each need a public-boundary spec, and the migrated callers must still pass	scope: bun test over the 18 Plate spec files and 6 www spec files the Phase 1 rename and flips touch, on the working tree at base dc927288b2 plus this run's files, 2026-10-07; docs/plans/artifacts/2026-10-07-suggestions-review/build/phase1-package-specs-a1.log (251 tests, exit 0); docs/plans/artifacts/2026-10-07-suggestions-review/build/phase1-www-specs-a1.log (36 tests, exit 0)	verified: every touched spec passes
2026-10-07T12:59:13Z	build	each Phase 1 mechanism fails its own spec when reverted	a spec that passes at the mutant proves nothing about the fix	scope: mutate.mjs on frozen 418e4efb81 with authored.api.spec.ts; mutants drop the empty-user default, Plite's NUL check, the configured retention, the yjs plugin check, the local-user check and the warn-once set; docs/plans/artifacts/2026-10-07-suggestions-review/mutate/control-1-a1.log passes; each mutant log names its failing case: docs/plans/artifacts/2026-10-07-suggestions-review/mutate/empty-user-not-local-a1.log, docs/plans/artifacts/2026-10-07-suggestions-review/mutate/nul-accepted-a1.log, docs/plans/artifacts/2026-10-07-suggestions-review/mutate/retention-ignored-a1.log, docs/plans/artifacts/2026-10-07-suggestions-review/mutate/warning-without-yjs-check-a1.log, docs/plans/artifacts/2026-10-07-suggestions-review/mutate/warning-for-named-user-a1.log, docs/plans/artifacts/2026-10-07-suggestions-review/mutate/warning-every-write-a1.log	verified: six of six mutants caught by the named assertion
2026-10-07T12:59:13Z	build	the Yjs warning's production silence is proven by a production run, not a new spec	DebugPlugin returns before logging when NODE_ENV is production (packages/platejs/src/lib/plugins/debug/DebugPlugin.ts line 75), so a spec would test DebugPlugin, which the Tests rule forbids	scope: the three warns-once cases of authored.api.spec.ts under NODE_ENV=production on the working tree, 2026-10-07; docs/plans/artifacts/2026-10-07-suggestions-review/build/warning-production-a1.log exits 1 with actual 0 for each, where the development control docs/plans/artifacts/2026-10-07-suggestions-review/mutate/control-1-a1.log passes with 1	verified: no warning in production
2026-10-07T12:59:22Z	build	best-api repair puts the local user rule in docs/vision/plate.md and fixes the authored ownership decision page	best-api repair edits the one Vision owner first, and no Vision file named the writer rule; the plan step named only the research page's Writer identity section	docs/vision/plate.md suggested-edit bullet; docs/research/decisions/authored-change-ownership.md Writer identity; content/docs/api/core/plate-editor.mdx and its twin runtime row; pre-edit copies docs/plans/artifacts/2026-10-07-suggestions-review/pre-edit/vision-plate.worktree.md and docs/plans/artifacts/2026-10-07-suggestions-review/pre-edit/authored-change-ownership.md; a git grep for teaching of a required userId over .agents/rules, content/docs, apps/www/src, packages, VISION.md, docs/vision and docs/editor-behavior found none	applied: deviation, the Vision owner gains the rule beside the planned research repair
2026-10-07T12:59:22Z	build	the bug fix's changelog entry is deleted and the registry rebuilt	the demo user IDs it announced are gone, so the entry describes a change that no longer ships	docs/plans/artifacts/2026-10-07-suggestions-review/pre-edit/changelog/ holds the entry and its generated files; docs/plans/artifacts/2026-10-07-suggestions-review/build/changelog-write-a1.log; docs/plans/artifacts/2026-10-07-suggestions-review/build/changelog-check-a1.log; git diff HEAD over apps/www/src/registry/changelog is empty; docs/plans/artifacts/2026-10-07-suggestions-review/build/build-source-a1.log; docs/plans/artifacts/2026-10-07-suggestions-review/build/build-registry-a1.log; docs/plans/artifacts/2026-10-07-suggestions-review/build/build-registry-check-a1.log	applied: entry removed, changelog and registry fresh
2026-10-07T12:59:22Z	build	docs census pages move to AuthoredPlugin and the local user	Phase 1 step 4 and the plate-docs pass: no page may teach DefaultAuthoredPlugin or the authored factory from platejs/authored	scope: content/docs authored-changes, history, suggestion, version-history, comment, discussion and their twins, 2026-10-07; docs/plans/artifacts/2026-10-07-suggestions-review/build/authored-guide.pl; docs/plans/artifacts/2026-10-07-suggestions-review/build/docs-authored.pl; docs/plans/artifacts/2026-10-07-suggestions-review/build/phase1-greps-a1.log finds no demo user, AI-page userId, rejection sentence or DefaultAuthoredPlugin in packages, apps/www/src, content and .agents/rules; docs/plans/artifacts/2026-10-07-suggestions-review/build/build-source-a1.log parses the pages	verified: no live page or source names the old shape
2026-10-07T13:00:06Z	build	the local-user typing sweep runs in a worktree at base plus this run's runtime files	the tree holds another session's pagination work in Plite rendering, so a sweep on it would not isolate this change	scope: Chromium, next dev on package source, base dc927288b2 with the 27 files in docs/plans/artifacts/2026-10-07-suggestions-review/build/sweep-overlay-files.txt and PlateAuthoredPlugin.ts deleted, 2026-10-07; the find spec and typing into editor-default, editor-full-width, code-drawing-demo, excalidraw-demo, table-nomerge-demo, markdown-to-editor-demo, ai-demo and demo with no userId; docs/plans/artifacts/2026-10-07-suggestions-review/proof/typing-sweep-local-a1.log; base control docs/plans/artifacts/2026-10-07-suggestions-review/proof/typing-sweep-base-a3.log fails the six bug-fix routes; tabbable-demo and editable-voids-demo show no editor root in both runs	verified: typing reaches the model with no userId on eight routes; partial for tabbable-demo and editable-voids-demo, which never reach the editor
2026-10-07T13:00:13Z	build	entrypoint output regenerated after AuthoredPlugin read plitejs	pnpm check entrypoint-graph failed because the authored partition gained a plitejs core edge after the first generate	scope: pnpm check entrypoint-graph and the platejs typecheck on the working tree, 2026-10-07; docs/plans/artifacts/2026-10-07-suggestions-review/build/entrypoint-graph-a1.log fails stale; docs/plans/artifacts/2026-10-07-suggestions-review/pre-edit/regen-2/ holds the files before; docs/plans/artifacts/2026-10-07-suggestions-review/build/entrypoint-graph-a2.log passes; docs/plans/artifacts/2026-10-07-suggestions-review/build/typecheck-authored-partition-a1.log and docs/plans/artifacts/2026-10-07-suggestions-review/build/platejs-typecheck-a1.log exit 0	fixed: generated output matches the graph
2026-10-07T13:07:16Z	build	the construction probe becomes the registry target plate-authored-construction	Phase 1 step 1 asks for the frozen probe in a repository runner run against the real AuthoredPlugin; benchmark forbids a second target registry, so it joins benchmarks/targets/slate-v2.json beside plite-schema-construction	benchmarks/editor/benchmarks/plate-authored-construction-benchmark.ts; benchmarks/targets/slate-v2.json; docs/plans/artifacts/2026-10-07-suggestions-review/pre-edit/slate-v2-targets.json; docs/plans/artifacts/2026-10-07-suggestions-review/bench/bench-report-check-a1.log passes after node tooling/scripts/bench-targets.mjs report added only this target	applied: measured runner registered; not a blocking test
2026-10-07T13:07:16Z	build	AuthoredPlugin construction stays within the frozen budget	the plan froze candidate median at most 1.10 times the incumbent median plus 0.05 ms per cohort before any candidate run, with both known-bad controls required to fail	scope: Bun on package source through config/plite-source-aliases.ts, base dc927288b2 plus this run's files, 2026-10-07 15:04, load 2.8 to 4.5 on 18 cores; arms Plite authored() with the retired runtime resolver versus AuthoredPlugin, alone and behind a dependent plugin, 1 block (10 rounds of 40) and 2,000 blocks (4 rounds of 5), median of three interleaved run p50s; each build reads back its block count and the authored capability; docs/plans/artifacts/2026-10-07-suggestions-review/bench/authored-construction-a2.log: normal 1.4182 vs limit 1.5224 ms and 1.5021 vs 1.6120 ms, large within, known-bad 2.5442 and 111.5623 ms exceed; a1 passed the same lines with a ratio metric that read the large cohort	verified: every line within budget and both known-bad controls caught; the 0.08 ms limiter is not profiled
2026-10-07T13:07:16Z	build	the Performance claim that the Yjs check runs once per editor is narrowed	readEditorAuthor reads a WeakSet and the yjs plugin record on every local-user write until it warns, so the reviewed sentence overstated it	packages/platejs/src/lib/editor/editorUser.internal.ts readEditorAuthor; docs/plans/2026-10-07-suggestions-review.md Performance	applied: deviation, the plan now names two lookups per local-user write
2026-10-07T13:07:16Z	build	every no-user path except Comments works on the changed source	Phase 1 step 2 asks that proposeAuthoredComparison with no userId applies where base returns unavailable	scope: the blast probe copied to docs/plans/artifacts/2026-10-07-suggestions-review/build/no-user-readers-phase1.ts with AuthoredPlugin, Bun on package source, 2026-10-07; docs/plans/artifacts/2026-10-07-suggestions-review/build/no-user-readers-phase1-a1.log shows canPropose, accepted write, proposal, Suggestion mode and comparison import ok with no userId, and comment invalid, which Phase 2 owns; base control docs/plans/artifacts/2026-10-07-suggestions-review/blast/no-user-readers-a3.log shows comparison unavailable and the write throwing	verified: comparison import applies with no userId
2026-10-07T13:07:51Z	build	the www typecheck chain is attributed link by link	Phase 1 step 4 needs the www typecheck, and its chain stops at api-reference:check, which reads a platejs dist built at 07:35 that still exports HistoryApi, outside this change and outside platejs/authored, which api-reference.config.json does not cover	scope: the working tree on 2026-10-07 with other sessions' edits to apps/www/next.config.ts and next.config.test.ts; docs/plans/artifacts/2026-10-07-suggestions-review/build/www-typecheck-a1.log stops at api-reference:check; docs/plans/artifacts/2026-10-07-suggestions-review/build/www-later-links-a2.log passes docs parity, registry source and typegen, then app tsc reports only TS2769 in next.config.test.ts and TS7006 in next.config.ts, neither a task file; docs/plans/artifacts/2026-10-07-suggestions-review/build/www-tsc-integration-a1.log exits 0; docs/plans/artifacts/2026-10-07-suggestions-review/build/build-registry-check-a1.log and docs/plans/artifacts/2026-10-07-suggestions-review/build/build-source-a1.log cover the other links	partial: no www type error names a task file; the chain is red on other sessions' files and a stale dist, not proven at HEAD
2026-10-07T13:21:52Z	build	critical (thermo review): AuthoredPlugin's hand-built type and as-unknown-as cast hid a declaration failure that docs/vision/plate.md says to repair at its owner	the Vision plugin rule forbids casts and staging types that contain a declaration failure; the failure came from Plite's unexported brand classes	scope: pnpm --filter platejs typecheck:partition:authored, which emits declarations, on the working tree 2026-10-07; packages/plitejs/src/interfaces/editor.ts exports PrivatePluginReferenceBrand, PrivatePluginWitness and PrivatePluginDependencyWitness as declare classes, packages/plitejs/src/internal/index.ts exports their types, and packages/platejs/src/authored/AuthoredPlugin.ts is one inferred chain; docs/plans/artifacts/2026-10-07-suggestions-review/build/typecheck-authored-direct-a1.log exits 0; without the three exports docs/plans/artifacts/2026-10-07-suggestions-review/build/typecheck-authored-direct-control-a1.log fails TS2883 naming PrivatePluginReferenceBrand; docs/plans/artifacts/2026-10-07-suggestions-review/review/thermo-phase1/reply.md	fixed: repaired at Plite's declaration boundary; supersedes the 12:46:59 build row that kept a descriptor cast
2026-10-07T13:21:52Z	build	warning (thermo review): the Yjs warning also fires on canPropose reads, which the copied mode button ran in a selector on every commit	with AuthoredPlugin the author lookup never returns null, so the selector's canPropose call was dead and warned at mount	scope: bun test authored.api.spec.ts and the www specs on the working tree, 2026-10-07; apps/www/src/registry/components/editor/mode-toolbar-button.tsx reads only SuggestionPlugin installed; editorUser.internal.ts JSDoc names proposal checks; a new case warns once when the local user enters Suggestion mode beside YjsPlugin; docs/plans/artifacts/2026-10-07-suggestions-review/build/authored-spec-after-review-a1.log (11 pass); docs/plans/artifacts/2026-10-07-suggestions-review/build/phase1-www-specs-a2.log (36 pass); plan wording via docs/plans/artifacts/2026-10-07-suggestions-review/build/plan-warning-timing.pl	applied: deviation, the warning fires at the first write, comment or Suggestion mode entry
2026-10-07T13:21:52Z	build	warning (thermo review): the benchmark read host facts through macOS-only commands	the registered target must run on Linux CI hosts	benchmarks/editor/benchmarks/plate-authored-construction-benchmark.ts reads node:os cpus and loadavg; docs/plans/artifacts/2026-10-07-suggestions-review/build/bench-review-fix.pl	applied: rerun on final bytes is a close gate
2026-10-07T13:21:52Z	build	nits (thermo review): unexported LOCAL_USER_ID, falsy userId check, WeakSet of Editor, benchmark incumbent with a fixed author, spec plugins typed without a cast, unused collaboration parameter, stale oxlint allowlist entry for the spec	each removes code the slice does not need	editorUser.internal.ts; plate-authored-construction-benchmark.ts; authored.api.spec.ts; oxlint.config.ts; docs/plans/artifacts/2026-10-07-suggestions-review/build/authored-spec-after-review-a1.log	applied: nits
2026-10-07T13:21:52Z	build	nits (thermo review): resolve the user once at runtime.userId and tighten the runtime and option JSDoc	Phase 2 step 1 replaces runtime.userId with an immutable editor.userId defined from the value applyEditor resolves, and step 3 makes Comments read it, in this run	packages/platejs/src/lib/editor/withPlite.ts applyEditor; docs/plans/2026-10-07-suggestions-review.md Phase 2 steps 1 and 3	dismissed: Phase 2 deletes the code these nits target
2026-10-07T13:22:04Z	build	side finding (thermo review): HistoryPlugin keeps the same cast	outside this plan's ask; the brand export may make it deletable	packages/platejs/src/lib/plugins/HistoryPlugin.ts lines 48-51; docs/plans/2026-10-07-suggestions-review.md Open work	deferred: owner: zbeyens; stop: a platejs declaration build without the cast passes or fails
2026-10-07T13:22:04Z	build	side findings (thermo review): the literal yjs key, the warning text for an explicit local user, BaseSuggestionPlugin's canPropose guard, suggestion.tsx's empty-string fallback and the unrun generate script	lib/editor imports no utils module and Plite keys its binding plugin yjs, so the literal stays; the warning now names the local user instead of a missing userId; the other three are Phase 2 steps 4 and 5	packages/platejs/src/lib/editor/editorUser.internal.ts; docs/plans/2026-10-07-suggestions-review.md Phase 2 steps 4 and 5	applied: warning text; dismissed: the yjs literal; open: the guard, fallback and script go to Phase 2
2026-10-07T13:22:37Z	build	keep Phase 1	every Phase 1 proof passed or is accepted under the www typecheck Defaults row, and the thermo review's critical and warnings are fixed	scope: Phase 1 on the working tree at base dc927288b2, 2026-10-07, frozen for review as a2dff95eec plus the review fixes; docs/plans/artifacts/2026-10-07-suggestions-review/build/phase1-package-specs-a2.log (only Phase 2's three new Comments specs fail); docs/plans/artifacts/2026-10-07-suggestions-review/build/phase1-www-specs-a2.log; docs/plans/artifacts/2026-10-07-suggestions-review/proof/typing-sweep-local-a1.log; docs/plans/artifacts/2026-10-07-suggestions-review/bench/authored-construction-a2.log; docs/plans/artifacts/2026-10-07-suggestions-review/build/platejs-typecheck-a2.log	verified: Phase 1 kept; the benchmark and mutations rerun on final bytes at the close
2026-10-07T13:22:37Z	build	Phase 2 specs written first and red	the Tests rule runs a cheap test before its fix to see it fail for the named defect	scope: bun test on the working tree after Phase 1, 2026-10-07; docs/plans/artifacts/2026-10-07-suggestions-review/build/editor-user-spec-before-a1.log fails three cases because editor.userId is absent; docs/plans/artifacts/2026-10-07-suggestions-review/build/use-create-editor-user-before-a1.log fails five hook cases because the old editor comes back, while the keep-the-editor control passes; docs/plans/artifacts/2026-10-07-suggestions-review/build/comments-user-before-a1.log fails three Comments cases because createThread and reply return invalid	verified: each new spec fails for its named defect before Phase 2
2026-10-07T13:35:43Z	build	editor.userId is defined once construction succeeds and the runtime bag is deleted	Phase 2 step 1: one immutable user per editor, and a failed construction must stay retryable with another user	scope: bun test editorUser.spec.ts and authored.api.spec.ts on the working tree, 2026-10-07; withPlite.ts applyEditor defines userId after construction, Editor.ts types it readonly, normalizeBaseEditor's isNormalizing writes are gone; docs/plans/artifacts/2026-10-07-suggestions-review/build/editor-user-spec-before-a1.log fails three cases; docs/plans/artifacts/2026-10-07-suggestions-review/build/editor-user-spec-after-a1.log passes 14 including assignment, redefinition and deletion through the editor and a view, and the retried construction	verified: editor.userId is fixed and retry works
2026-10-07T13:35:43Z	build	useCreateEditor keys its editor on the normalized user	Phase 2 step 2: a user change must return an editor for the requested user, and an empty or missing user must keep the local editor	scope: bun test useCreateEditor.spec.tsx on the working tree, 2026-10-07; the hook's deps hold resolveEditorUserId(userId) and its JSDoc names the handoff; docs/plans/artifacts/2026-10-07-suggestions-review/build/use-create-editor-user-before-a1.log fails five cases with the control passing; docs/plans/artifacts/2026-10-07-suggestions-review/build/use-create-editor-user-after-a1.log passes 9 including the supplied editor throw and the fresh supplied editor	verified: keyed on the normalized user; mutation runs are a close gate
2026-10-07T13:35:44Z	build	Comments stamps threads, replies and resolutions with the editor's user and loses currentUserId	Phase 2 step 3: one identity for suggestions and comments, and a solo editor can comment	scope: bun test on the Comments, authored and editor-user specs, 2026-10-07; BaseCommentsPlugin reads readEditorAuthor(commandEditor), whose warn-once set keys on the editor's owner so a view does not warn twice; specs and type tests drop currentUserId; docs/plans/artifacts/2026-10-07-suggestions-review/build/comments-user-before-a1.log fails three cases; docs/plans/artifacts/2026-10-07-suggestions-review/build/comments-user-after-a2.log passes 82; docs/plans/artifacts/2026-10-07-suggestions-review/build/authored-spec-comments-a1.log passes the Comments-only Yjs warning	verified: Comments follows editor.userId
2026-10-07T13:35:44Z	build	runtime user writers move to separate editors	Phase 2 step 4 forbids switching the user on one editor	scope: bun test and the repo runner on the working tree, 2026-10-07; AIChatPlugin.suggestions.spec.ts drops the switch in the accepted-edit case and gives Bob a second editor joined through two Y.Docs and explicit sync in the proposing case (docs/plans/artifacts/2026-10-07-suggestions-review/build/ai-suggestions-same-user-a1.log fails that case with one user; docs/plans/artifacts/2026-10-07-suggestions-review/build/ai-suggestions-yjs-pair-a3.log passes 27); discussion.spec.tsx hands Alice's value to Bob's editor and import copies model.userId (docs/plans/artifacts/2026-10-07-suggestions-review/build/www-specs-phase2-a2.log exit 0); playground-demo loads playground1 to playground3 through createAuthoredReviewDocument; version-history-demo hands its value to a new editor per user	partial: specs verified; the playground and version-history Chromium proofs are pending
2026-10-07T13:35:44Z	build	generate-rich-text-editor-value.ts keeps editor handoffs instead of createAuthoredReviewDocument	the plan named createAuthoredReviewDocument for stable change IDs, but the saved value also carries random origin UUIDs, so stable change IDs would not make a rerun reproducible, and the handoff already removes every runtime write	apps/www/scripts/generate-rich-text-editor-value.ts; apps/www/src/registry/blocks/editor-ai/components/editor/rich-text-editor-value.ts origin UUIDs	applied: deviation; running the script stays a close gate in a worktree
2026-10-07T13:35:44Z	build	BaseSuggestionPlugin's proposal-mode author guard is deleted	SuggestionPlugin depends on Plate's AuthoredPlugin, whose resolver always returns the editor's user, and a second authored descriptor cannot be installed beside it, so the guard could never throw; with it gone the Yjs warning fires at the first write or comment again	packages/platejs/src/features/suggestion/BaseSuggestionPlugin.ts; docs/plans/artifacts/2026-10-07-suggestions-review/build/authored-suggestion-after-guard-a1.log passes 17; docs/plans/artifacts/2026-10-07-suggestions-review/build/plan-warning-timing-revert.pl	applied: supersedes the Suggestion mode timing deviation in the thermo warning row; the plan's reviewed wording is restored
2026-10-07T13:43:50Z	build	every Phase 1 and Phase 2 mechanism fails its own spec when reverted on the final code	the planned mutate runs: local user, NUL, retention, the warning's Yjs, local-user, once and Comments-only conditions, editor.userId immutability, Comments stamping, and the hook's normalized key, supplied editor, user key and throw	scope: mutate.mjs on frozen f37a342d05, 13 mutants, controls docs/plans/artifacts/2026-10-07-suggestions-review/mutate/control-1-a2.log, docs/plans/artifacts/2026-10-07-suggestions-review/mutate/control-2-a1.log, docs/plans/artifacts/2026-10-07-suggestions-review/mutate/control-3-a1.log and docs/plans/artifacts/2026-10-07-suggestions-review/mutate/control-4-a1.log pass; each mutant fails its named case, for example docs/plans/artifacts/2026-10-07-suggestions-review/mutate/warning-requires-authored-changes-a1.log, docs/plans/artifacts/2026-10-07-suggestions-review/mutate/editor-user-writable-a1.log, docs/plans/artifacts/2026-10-07-suggestions-review/mutate/comments-ignore-editor-user-a1.log, docs/plans/artifacts/2026-10-07-suggestions-review/mutate/hook-keys-raw-user-a1.log, docs/plans/artifacts/2026-10-07-suggestions-review/mutate/hook-drops-supplied-editor-a1.log, docs/plans/artifacts/2026-10-07-suggestions-review/mutate/hook-skips-user-key-for-supplied-editor-a1.log and docs/plans/artifacts/2026-10-07-suggestions-review/mutate/hook-throws-for-any-supplied-user-change-a1.log	verified: 13 of 13 mutants caught
2026-10-07T13:43:50Z	build	the copied discussion card and the documented handoff get their specs	Phase 2 steps 2 and 5 ask for a no-user card case and a handoff in the documented shape	scope: bun test discussion.spec.tsx on the working tree, 2026-10-07; an editor with no userId comments through Comment on suggestion as local and accepts the suggestion; a keyed useCreateEditor hands Alice's commented suggestion and later accepted edit to Bob, whose next proposal is Bob's; docs/plans/artifacts/2026-10-07-suggestions-review/build/discussion-user-specs-a2.log passes both; docs/plans/artifacts/2026-10-07-suggestions-review/build/www-specs-phase2-a3.log exit 0 for the www set; at base the first fails at the proposal and the second never builds Bob's editor	verified: both specs pass and fail at base by construction
2026-10-07T13:43:51Z	build	the platejs test task passes after two runtime-bag assertions are removed	PlateContent.spec.tsx asserted runtime.uid stayed unset and plugin-schema-contracts.ts asserted runtime.model was hidden; with the runtime bag deleted both test a removed surface, which the Tests addendum forbids	scope: TURBO_FORCE pnpm --filter platejs test on the working tree, 2026-10-07; docs/plans/artifacts/2026-10-07-suggestions-review/build/platejs-test-a1.log fails only that PlateContent case; docs/plans/artifacts/2026-10-07-suggestions-review/build/platejs-test-a2.log passes 139 of 139 tasks; docs/plans/artifacts/2026-10-07-suggestions-review/pre-edit/PlateContent.spec.tsx; docs/plans/artifacts/2026-10-07-suggestions-review/pre-edit/plugin-schema-contracts.ts	verified: platejs tests green
2026-10-07T13:43:51Z	build	Phase 2 docs teach the editor's userId	Phase 2 step 6 and its best-api repair of the reply identity sentence	scope: content/docs comment, discussion, suggestion, yjs, core, core/plate-editor and their Chinese twins, plus react-hooks, and docs/vision/plate.md, 2026-10-07; docs/plans/artifacts/2026-10-07-suggestions-review/build/docs-comment.pl, docs/plans/artifacts/2026-10-07-suggestions-review/build/docs-discussion-suggestion.pl, docs/plans/artifacts/2026-10-07-suggestions-review/build/docs-plate-editor.pl, docs/plans/artifacts/2026-10-07-suggestions-review/build/docs-yjs.pl, docs/plans/artifacts/2026-10-07-suggestions-review/build/docs-core-userid.pl; git grep finds no currentUserId or runtime.userId in content/docs; docs/plans/artifacts/2026-10-07-suggestions-review/build/build-source-a2.log and docs/plans/artifacts/2026-10-07-suggestions-review/build/docs-parity-a1.log exit 0	verified: no page teaches the old user surface; the registry rebuild is a close gate
2026-10-07T14:23:31Z	build	Phase 2 browser proof passes in a worktree at base plus this run's runtime files	the plan's Chromium proofs: the playground with three authors and stable change IDs, the version-history case where Bob reverts Alice, and the typing sweep on the final code	scope: Chromium, next dev on package source, base dc927288b2 with the 80 files in docs/plans/artifacts/2026-10-07-suggestions-review/build/browser-overlay-files.txt and PlateAuthoredPlugin.ts deleted, 2026-10-07; docs/plans/artifacts/2026-10-07-suggestions-review/proof/phase2-browser-a1.log: the find spec, both Phase 2 cases and eight sweep routes pass; tabbable-demo and editable-voids-demo show no editor root, as in docs/plans/artifacts/2026-10-07-suggestions-review/proof/typing-sweep-base-a3.log	verified: playground, version history and typing pass; partial for the two routes that never render an editor
2026-10-07T14:23:31Z	build	generate-rich-text-editor-value.ts still produces a value its test accepts	the thermo review flagged the script as unrun, and running it here would rewrite a tracked file	scope: a worktree at base dc927288b2 with the same overlay, 2026-10-07; docs/plans/artifacts/2026-10-07-suggestions-review/proof/generate-rich-text-a1.log runs the script, which rewrites rich-text-editor-value.ts with new random IDs, and rich-text-editor-value.test.ts passes 8 of 8 on the output; the worktree is removed, so this checkout keeps its saved value	verified: the script runs and its output passes the saved-playground test
2026-10-07T14:23:37Z	writing	writing passes on the build: deslop, no-comments and unslop	the Writing passes rule runs deslop then no-comments on product code and unslop on docs before review	pstack:deslop found nothing beyond the thermo fixes; comment-sicko docs/plans/artifacts/2026-10-07-suggestions-review/review/no-comments/reply.md: deleted the LOCAL_USER_ID and isAuthorId comments and the busyWait comment with a real loop body, reshaped the useCreateEditor Yjs sentence and lint reason, added the NUL throw to the userId JSDoc and a message to the supplied-editor throw assertion; kept the readEditorAuthor JSDoc because the rename it depends on was not made; deferred the useMemo editor construction to the existing hook Open work item; docs/plans/artifacts/2026-10-07-suggestions-review/build/no-comments-apply.pl; unslop: docs/plans/artifacts/2026-10-07-suggestions-review/build/docs-unslop.pl; docs/plans/artifacts/2026-10-07-suggestions-review/build/writing-pass-specs-a1.log passes 23	applied: writing passes
2026-10-07T14:48:45Z	panel	seats opus, codex:gpt-6-astra @xhigh, codex:gpt-6.1-sol @xhigh	diff panel round 1 (reviews: api-build) on the built change	reviewed tree 5bcf22240128ecd64f3db3738fe0de842d17630a; prompt docs/plans/artifacts/2026-10-07-suggestions-review/panel/diff-round-1/prompt.md; packet docs/plans/artifacts/2026-10-07-suggestions-review/panel/diff-round-1/packet.patch; answers docs/plans/artifacts/2026-10-07-suggestions-review/panel/diff-round-1/opus.md, docs/plans/artifacts/2026-10-07-suggestions-review/panel/diff-round-1/astra.md and docs/plans/artifacts/2026-10-07-suggestions-review/panel/diff-round-1/sol.md	recorded: three seats answered, none missing
2026-10-07T14:48:45Z	panel	critical (astra, sol; opus as warning): editor.userId is defined after construction, so a view made inside initialValue has no user and Comments throws through it	construction callbacks receive an editor typed with userId and may create views, which copy own properties once and freeze	scope: bun test editorUser.spec.ts with the seats' case, userId alice, a view created in initialValue and a thread created through it; docs/plans/artifacts/2026-10-07-suggestions-review/panel/diff-round-1/repro-before-a1.log fails with Comments must contain JSON data; withPlite.ts applyEditor now defines userId configurable before construction, locks it on success and deletes it on failure (docs/plans/artifacts/2026-10-07-suggestions-review/panel/diff-round-1/fix-user-define.pl); docs/plans/artifacts/2026-10-07-suggestions-review/panel/diff-round-1/repro-after-a1.log passes 86 including the retried-construction case	applied: the user exists for construction callbacks and their views
2026-10-07T14:48:45Z	panel	critical (sol): a supplied editor that already has a writable userId keeps it writable	Object.defineProperty without flags keeps an existing property's writable and configurable attributes	scope: bun test editorUser.spec.ts with the seat's Object.assign(createRuntimeEditor(), { userId: 'previous' }) case; docs/plans/artifacts/2026-10-07-suggestions-review/panel/diff-round-1/repro-before-a1.log fails; the fix sets writable false and locks configurable; docs/plans/artifacts/2026-10-07-suggestions-review/panel/diff-round-1/repro-after-a1.log passes; the supplied-editor reuse spec now asserts a TypeError	applied: the user cannot be reassigned on a supplied editor
2026-10-07T14:48:45Z	panel	critical (astra): both DOCX benchmark suites import the removed authored factory from platejs/authored	the hard-cut sweep searched packages, apps/www/src, content and .agents/rules but not benchmarks	scope: the two DOCX benchmark test files; docs/plans/artifacts/2026-10-07-suggestions-review/panel/diff-round-1/docx-benchmarks-before-a1.log on the reviewed tree fails with Export named authored not found; they now install AuthoredPlugin and hand the document from alice to bob, carol and dana (docs/plans/artifacts/2026-10-07-suggestions-review/panel/diff-round-1/fix-docx-benchmarks.pl, docs/plans/artifacts/2026-10-07-suggestions-review/panel/diff-round-1/fix-docx-inline.pl); docs/plans/artifacts/2026-10-07-suggestions-review/panel/diff-round-1/docx-benchmarks-after-a1.log passes; a whole-repository git grep for the removed names finds only archived research probes and CI-generated templates	applied: no live caller imports the removed factory
2026-10-07T14:48:57Z	panel	critical (astra, sol): the downloadable registry JSON in the reviewed tree still ships DefaultAuthoredPlugin, editor.runtime.userId and currentUserId	the reviewed tree froze source but not generated registry output	scope: apps/www/public/r after pnpm --filter www build:registry on the working tree, 2026-10-07; docs/plans/artifacts/2026-10-07-suggestions-review/build/build-registry-a2.log and docs/plans/artifacts/2026-10-07-suggestions-review/build/build-registry-check-a2.log exit 0; git grep over suggestion, comment, discussion, import-toolbar-button and version-history-demo JSON finds none of the names; opus read the working tree and found it clean	applied: registry output regenerated
2026-10-07T14:48:57Z	panel	warning (sol; opus nit): an explicitly supplied userId 'local' triggers the missing-user warning	the warning cannot tell an omitted user from an explicit 'local'	packages/platejs/src/lib/editor/editorUser.internal.ts readEditorAuthor; the warning text names the local user and the collaborators who share it	dismissed: an explicit 'local' is the same author as every editor that omits userId, so collaborators using it collide exactly as the warning says
2026-10-07T14:48:57Z	panel	warning (opus): the playground builds a third full EditorKit editor per mount to stage its revisions	the homepage playground mount gained one editor construction that was not measured	apps/www/src/registry/examples/playground-demo.tsx revision editor	deferred: owner: zbeyens; stop: the homepage playground mount is measured against base, or the revision values are cached per locale
2026-10-07T14:49:06Z	panel	nit (opus): canPropose docs, userId null type, version-history revisions lost on a switch, AI spec title	each is a small fix inside the changed surface	authored-changes pages note canPropose is always true with AuthoredPlugin; EditorOptions userId and resolveEditorUserId drop null, per the plan's hard-cut row; version-history-demo keeps revisions above EditorRoot (docs/plans/artifacts/2026-10-07-suggestions-review/panel/diff-round-1/fix-version-history.pl); the AIChatPlugin case is renamed to an accepted edit	applied: nits
2026-10-07T14:49:06Z	panel	nit (opus): a raw plitejs authored() beside Comments can split identity; suggestion cards label the local user 'local'; retainHistory is read once while the store stays writable; the API reference manifest still names currentUserId	the first two are outside the ask; retainHistory is read once by design and documented; the manifest regenerates only once api-reference:check passes	packages/platejs/src/authored/AuthoredPlugin.ts JSDoc; docs/plans/artifacts/2026-10-07-suggestions-review/build/api-reference-base-a1.log fails at base dc927288b2 with HistoryApi must be included or excluded exactly once, the same failure as docs/plans/artifacts/2026-10-07-suggestions-review/build/api-reference-regen-a3.log	deferred: owner: zbeyens; stop: the HistoryApi decision is recorded in apps/www/api-reference.config.json and the manifest is regenerated; dismissed: retainHistory
2026-10-07T14:49:07Z	build	the AuthoredPlugin export takes the checked YjsPlugin annotation instead of a direct inferred type	the package declaration build, unlike the partition typecheck, failed TS4094 on AuthoredPlugin, BaseSuggestionPlugin and AIChatPlugin, and exporting Plite's brand types did not help it	scope: pnpm --filter platejs build in a worktree at base plus this run's package source, 2026-10-07; docs/plans/artifacts/2026-10-07-suggestions-review/build/api-reference-regen-a1.log fails TS4094 three times with the inferred export; docs/plans/artifacts/2026-10-07-suggestions-review/build/api-reference-regen-a3.log builds plitejs and platejs and stops only at the pre-existing HistoryApi check; packages/plitejs/src/interfaces/editor.ts is back to base	fixed: supersedes the thermo critical row's direct inferred export; the annotation is transitional debt tracked with HistoryPlugin's cast
2026-10-07T14:52:07Z	build	deviation: editor.userId is defined before construction runs and locked once it succeeds	the approved step said to define it once construction succeeds; panel round 1 showed construction callbacks and their views then miss it	packages/platejs/src/lib/editor/withPlite.ts applyEditor; docs/plans/artifacts/2026-10-07-suggestions-review/panel/diff-round-1/repro-after-a1.log	applied: deviation from Phase 2 step 1's approved wording, which stays visible in the plan
2026-10-07T14:52:07Z	build	keep Phase 2	every Phase 2 proof passed after panel round 1's fixes, with the generate-script deviation and the two-route typing limit logged	scope: Phase 2 on the working tree at base dc927288b2 plus this run's files, 2026-10-07; docs/plans/artifacts/2026-10-07-suggestions-review/panel/diff-round-1/platejs-test-a1.log (139 of 139 tasks), docs/plans/artifacts/2026-10-07-suggestions-review/panel/diff-round-1/platejs-typecheck-a1.log, docs/plans/artifacts/2026-10-07-suggestions-review/panel/diff-round-1/www-specs-a1.log, docs/plans/artifacts/2026-10-07-suggestions-review/proof/phase2-browser-a1.log	verified: Phase 2 kept; panel round 2 reviews the round 1 fixes
2026-10-07T14:57:13Z	writing	writing passes on panel round 1's fixes	each round's fixes get deslop and no-comments before the next round's tree is frozen	pstack:deslop on docs/plans/artifacts/2026-10-07-suggestions-review/panel/diff-round-2/delta.patch found nothing; comment-sicko docs/plans/artifacts/2026-10-07-suggestions-review/panel/diff-round-2/no-comments-reply.md: deleted the applyEditor userId comment, which two specs encode, reshaped the AuthoredPlugin annotation comment with its deletion condition, and dropped the failure-path deleteProperty that no test needed and that could erase a supplied editor's value (docs/plans/artifacts/2026-10-07-suggestions-review/panel/diff-round-2/no-comments-apply.pl); docs/plans/artifacts/2026-10-07-suggestions-review/panel/diff-round-2/specs-after-writing-a1.log passes 25	applied: writing passes
2026-10-07T15:26:37Z	panel	seats opus, codex:gpt-6-astra @xhigh, codex:gpt-6.1-sol @xhigh	diff panel round 2 on round 1's fixes	reviewed tree 4a87bd26b55d2b23e99ef70ae19bf184ae2c9462; prompt docs/plans/artifacts/2026-10-07-suggestions-review/panel/diff-round-2/prompt.md; delta docs/plans/artifacts/2026-10-07-suggestions-review/panel/diff-round-2/packet.patch; answers docs/plans/artifacts/2026-10-07-suggestions-review/panel/diff-round-2/opus.md, docs/plans/artifacts/2026-10-07-suggestions-review/panel/diff-round-2/astra.md and docs/plans/artifacts/2026-10-07-suggestions-review/panel/diff-round-2/sol.md	recorded: three seats answered, none missing
2026-10-07T15:26:37Z	panel	critical (opus): the CLI migration test imports the removed authored factory through a relative path and fails cli-test	round 1's sweep matched the platejs/authored specifier, not the exported name	scope: pnpm --filter @platejs/cli test on the working tree, 2026-10-07; docs/plans/artifacts/2026-10-07-suggestions-review/panel/diff-round-2/cli-test-before-a1.log fails with Export named authored not found; packages/cli/test/run-migration.test.ts and its generated fixture install AuthoredPlugin (docs/plans/artifacts/2026-10-07-suggestions-review/panel/diff-round-2/fix-cli-test.pl); after rebuilding the stale local plitejs dist (docs/plans/artifacts/2026-10-07-suggestions-review/panel/diff-round-2/plitejs-build-a1.log), docs/plans/artifacts/2026-10-07-suggestions-review/panel/diff-round-2/cli-test-after-a2.log passes 90; the export-name sweep docs/plans/artifacts/2026-10-07-suggestions-review/panel/diff-round-2/sweep-authored-import.pl finds only Plite's own tests and archived research	applied: supersedes round 1's DOCX row claim that the whole-repository sweep was complete
2026-10-07T15:26:37Z	panel	critical (astra, sol): the reviewed tree still ships stale registry JSON	the freezes held source but not generated registry output	scope: git grep for runtime.userId, currentUserId and DefaultAuthoredPlugin over apps/www/public/r and apps/www/src/__registry__; frozen tree b4d03c5e75 with the generated output finds 0 files (docs/plans/artifacts/2026-10-07-suggestions-review/panel/diff-round-2/registry-frozen-grep-a1.log) where round 2's tree finds 23 (docs/plans/artifacts/2026-10-07-suggestions-review/panel/diff-round-2/registry-frozen-grep-control-a1.log)	applied: later freezes include the generated registry output
2026-10-07T15:26:37Z	panel	critical (sol): a view created during a failed construction keeps that attempt's user after a retry, so its comments and the editor's writes disagree	round 1's fix copied a data property into views, which then outlive the failed attempt	scope: bun test editorUser.spec.ts with the seat's case, a view created in Alice's failing initialValue and a retry as Bob; docs/plans/artifacts/2026-10-07-suggestions-review/panel/diff-round-2/repro-stale-view-before-a1.log records the thread and view as alice; editorUser.internal.ts now holds the user per owner and installs a getter that views resolve through the owner, locked on success (docs/plans/artifacts/2026-10-07-suggestions-review/panel/diff-round-2/fix-user-accessor.pl), the mechanism's one replacement; docs/plans/artifacts/2026-10-07-suggestions-review/panel/diff-round-2/repro-after-a1.log passes 87 including every earlier identity case	applied: views read the owner's current user
2026-10-07T15:26:37Z	panel	warning (opus): rebuilding a finished editor failed with a bare engine TypeError, and the spec accepted any TypeError; warning (sol) and nit (opus): the lock trusted the descriptor construction left	an explicit refusal names the fix, and a full lock descriptor does not depend on construction callbacks	beginEditorUser throws createEditor cannot rebuild an editor that was already created; useCreateEditor.spec.tsx asserts that text; lockEditorUser writes configurable false with the getter; docs/plans/artifacts/2026-10-07-suggestions-review/panel/diff-round-2/repro-after-a1.log	applied: refusal message and full lock
2026-10-07T15:26:41Z	panel	warning (opus): the version-history demo rewrite has no browser run after its revisions moved	the cited Chromium proof predates the change and never saves a revision	apps/www/src/registry/examples/version-history-demo.tsx; docs/plans/artifacts/2026-10-07-suggestions-review/proof/phase2-browser.spec.ts	open: patch: extend phase2-browser.spec.ts to save revisions as Alice and Bob across the switch; owner: the lead, in this run's acceptance proof
2026-10-07T15:26:41Z	panel	nit (opus): the round 1 writing row said deleting userId on failure could erase a supplied value, but the first define had already replaced it	the stated reason was wrong	packages/platejs/src/lib/editor/editorUser.internal.ts beginEditorUser; a failed construction now leaves the getter and the attempted user until a retry or reuse	applied: corrects the round 1 writing row's reason
2026-10-07T15:28:43Z	writing	writing passes on panel round 2's fixes	each round's fixes get deslop and no-comments before the next round's tree is frozen	pstack:deslop on the round 2 fixes found nothing to cut; comment-sicko docs/plans/artifacts/2026-10-07-suggestions-review/panel/diff-round-3/no-comments-reply.md kept the getter comment and deleted the internal JSDoc on beginEditorUser and lockEditorUser; the lock keeps its full descriptor on purpose, against the side note, because it resets a descriptor a construction callback may have changed; docs/plans/artifacts/2026-10-07-suggestions-review/panel/diff-round-3/lint-and-specs-a1.log passes lint and 15 specs	applied: writing passes
2026-10-07T15:38:47Z	panel	seats opus, codex:gpt-6-astra @xhigh, codex:gpt-6.1-sol @xhigh	diff panel round 3 on round 2's fixes	reviewed tree 67959b5b45683e16e5665e78b3d4056690d6c8d1; prompt docs/plans/artifacts/2026-10-07-suggestions-review/panel/diff-round-3/prompt.md; delta docs/plans/artifacts/2026-10-07-suggestions-review/panel/diff-round-3/packet.patch; answers docs/plans/artifacts/2026-10-07-suggestions-review/panel/diff-round-3/opus.md, docs/plans/artifacts/2026-10-07-suggestions-review/panel/diff-round-3/astra.md and docs/plans/artifacts/2026-10-07-suggestions-review/panel/diff-round-3/sol.md	recorded: three seats answered, none missing; astra and sol raise two criticals against the owner-held getter, which was the mechanism's one replacement
2026-10-07T15:38:47Z	plan	the editor user mechanism goes back to planning as plan iteration 2	round 3's criticals hit the round 2 replacement, so the Panel review rule takes the mechanism out of the fix loop; the owner's goal still needs one fixed user per editor, so it returns to planning with a panel before any further fix; the round 2 code stays in the tree meanwhile, because reverting to the code before this plan would delete editor.userId, which every Phase 2 consumer reads	docs/plans/artifacts/2026-10-07-suggestions-review/panel/diff-round-3/astra.md and docs/plans/artifacts/2026-10-07-suggestions-review/panel/diff-round-3/sol.md findings 1 and 2; docs/plans/2026-10-07-suggestions-review.md Phase 3	open: owner: the lead, in this run; stop: Phase 3's plan panel and build land
2026-10-07T15:39:37Z	writing	unslop on plan iteration 2	the plan text a panel reviews gets its writing pass first	docs/plans/artifacts/2026-10-07-suggestions-review/panel/plan-round-14/phase3.md checked against unslop's patterns; no change needed	applied: unslop pass
2026-10-07T15:50:15Z	panel	seats opus, codex:gpt-6-astra @xhigh, codex:gpt-6.1-sol @xhigh	plan panel round 14 on plan iteration 2, Phase 3	reviewed tree 49b09949d294b25e6a30465e74a75f2f2755c640; prompt docs/plans/artifacts/2026-10-07-suggestions-review/panel/plan-round-14/prompt.md; plan text docs/plans/artifacts/2026-10-07-suggestions-review/panel/plan-round-14/phase3.md; answers docs/plans/artifacts/2026-10-07-suggestions-review/panel/plan-round-14/opus.md, docs/plans/artifacts/2026-10-07-suggestions-review/panel/plan-round-14/astra.md and docs/plans/artifacts/2026-10-07-suggestions-review/panel/plan-round-14/sol.md	recorded: three seats answered, none missing
2026-10-07T15:50:15Z	panel	critical (opus): a refused start inside applyEditor's try would settle the live record as failed and let a second nested attempt rewrite the user	only the attempt that set the record may settle it	docs/plans/2026-10-07-suggestions-review.md Phase 3: admission before the try, the record carries its attempt, only that attempt settles, failed before restore; proof: two caught nested attempts and two caught rebuilds keep alice	applied: Phase 3 revised
2026-10-07T15:50:15Z	panel	critical (sol, astra): a refused nested createEditor inside a plugin stage runs the outer try's finally and deletes the outer runtime candidate	cleanup belongs to the admitted attempt only	Phase 3 admits an attempt before its try, so a refused attempt runs no restore, candidate clear or settle; proof: a caught nested createEditor inside a plugin stage leaves the outer construction to finish as alice	applied: Phase 3 revised
2026-10-07T15:50:15Z	panel	critical (sol, astra; opus warning): views created from a raw editor before construction can never get the getter, because Plite copies a view's own properties once and freezes it	Plate cannot repair a frozen view; the owner record still stamps their writes and comments	Phase 3 and Main changes narrow the public userId guarantee to views created after construction starts and keep attribution through earlier views; proof: a comment through such a view records alice	applied: claim narrowed in the plan
2026-10-07T15:50:15Z	panel	warning (opus, sol, astra): the mutations did not map one to one to mechanisms, and reading editor.userId in readEditorAuthor is equivalent for views covered by the guarantee	each mutation must remove exactly the mechanism it names	Phase 3 lists six separate mutations: constructing refusal, built refusal, foreign-descriptor refusal, the admitted-attempt check on settle, setter clearing, and the owner lookup by keying the record by the view	applied: Phase 3 revised
2026-10-07T15:50:15Z	panel	warning (opus): Main changes and the ledger still described round 2's mechanism; nit (opus): one refusal message covered two phases	changed claims are fixed where the plan states them	Main changes and the Acting user ledger row now describe the owner record; Phase 3 names one message per refusal	applied: plan text and messages
2026-10-07T15:50:15Z	panel	nit (opus): make StrictMode's second memo call return the supplied editor instead of documenting the throw	outside round 3's findings and already tracked	docs/plans/2026-10-07-suggestions-review.md Open work, the item on Yjs bindings, supplied editors and StrictMode	deferred: owner: zbeyens; stop: the decision on building hook editors outside render is recorded in docs/plans/topics/suggestions.md Open work
2026-10-07T15:50:23Z	plan	deviation: Main changes and the Acting user ledger row move from a property defined once construction succeeds to a getter over one owner record	plan iteration 2 replaces the mechanism the approved plan described	docs/plans/2026-10-07-suggestions-review.md Main changes and Decision ledger; Phase 2 step 1 keeps its approved wording with its deviation note	applied: deviation recorded
2026-10-07T15:50:23Z	writing	unslop on revised plan iteration 2	the revised plan text gets its writing pass before the next panel round	docs/plans/2026-10-07-suggestions-review.md Phase 3 and Main changes, checked against unslop's patterns; no change needed	applied: unslop pass
2026-10-07T16:01:36Z	panel	seats opus, codex:gpt-6-astra @xhigh, codex:gpt-6.1-sol @xhigh	plan panel round 15 on the revised plan iteration 2	reviewed tree 0b19c468109b510ce697a1e2d7c507048118687a; prompt docs/plans/artifacts/2026-10-07-suggestions-review/panel/plan-round-15/prompt.md; delta docs/plans/artifacts/2026-10-07-suggestions-review/panel/plan-round-15/plan-delta.patch; answers docs/plans/artifacts/2026-10-07-suggestions-review/panel/plan-round-15/opus.md, docs/plans/artifacts/2026-10-07-suggestions-review/panel/plan-round-15/astra.md and docs/plans/artifacts/2026-10-07-suggestions-review/panel/plan-round-15/sol.md	recorded: three seats answered, none missing
2026-10-07T16:01:36Z	panel	critical (astra, sol): a view created after admission from a pre-construction view copies that view's stale userId	Plite copies a new view's own properties from its source view, not from the owner	docs/plans/2026-10-07-suggestions-review.md Phase 3 and Main changes exclude views created from a pre-construction view too, and attribution through all of them still stamps the editor's user	applied: claim narrowed in the plan
2026-10-07T16:01:36Z	panel	warning (opus, astra, sol): the attempt token guards nothing once admission precedes the try, and admission inside the try had no mutation	lexical ownership already gives the admitted attempt sole cleanup	Phase 3 drops the token and adds a mutation that moves admission inside the try, caught by the plugin-stage spec	applied: Phase 3 revised
2026-10-07T16:01:36Z	panel	warning (opus, sol): the foreign-descriptor refusal had no spec, and admission did not fix the order of its steps	the engine already refuses redefining a fixed userId, and a record written before the getter would leave an owner stuck constructing	Phase 3 drops the foreign-descriptor clause, installs the getter before writing the record as admission's last step, and adds a frozen-view control and a record-first mutation	applied: Phase 3 revised
2026-10-07T16:01:36Z	panel	warning (opus, astra, sol): the rebuild case passes on round 3's tree, and the owner-lookup mutation had no detecting case	a control is labeled as one, and every mutation needs a case that sees it	Phase 3 lists the rebuild, nested-through-view and frozen-view cases as controls that fail under named mutants, and keys the owner-lookup mutation to admission and reads	applied: Phase 3 revised
2026-10-07T16:01:36Z	panel	nit (opus): Phase 2's deviation note still stated the wider claim, and the Panel gate table stops at round 13	plan text matches the narrowed claim	Phase 2's deviation note now says views created after the first attempt; the Panel gate table update is a close gate	applied: deviation note; open: patch: extend the Panel gate table through the diff rounds and plan rounds 14 to 16; owner: the lead, in this run's close
2026-10-07T16:01:36Z	writing	unslop on plan iteration 2 after round 15	the revised plan text gets its writing pass before the next panel round	docs/plans/2026-10-07-suggestions-review.md Phase 3, Main changes and Phase 2's deviation note checked against unslop's patterns; no change needed	applied: unslop pass
2026-10-07T16:12:13Z	panel	seats opus, codex:gpt-6-astra @xhigh, codex:gpt-6.1-sol @xhigh	plan panel round 16 on the revised plan iteration 2	reviewed tree d958913c31cc84c420bcf2551db1e6f25312dae2; prompt docs/plans/artifacts/2026-10-07-suggestions-review/panel/plan-round-16/prompt.md; delta docs/plans/artifacts/2026-10-07-suggestions-review/panel/plan-round-16/plan-delta.patch; answers docs/plans/artifacts/2026-10-07-suggestions-review/panel/plan-round-16/opus.md, docs/plans/artifacts/2026-10-07-suggestions-review/panel/plan-round-16/astra.md and docs/plans/artifacts/2026-10-07-suggestions-review/panel/plan-round-16/sol.md	recorded: three seats answered, none missing
2026-10-07T16:12:13Z	panel	critical (sol; astra as warning): skipping the descriptor when it already holds Plate's getter leaves a configurable copy with a setter in place	recognizing the getter function does not fix the property	docs/plans/2026-10-07-suggestions-review.md Phase 3: admission always defines the canonical non-configurable getter with no setter, which the engine allows again on Plate's own fixed getter	applied: Phase 3 revised
2026-10-07T16:12:13Z	panel	warning (opus): admission accepted a view whose owner's record failed	construction through a view was refused by accident on round 3 and admitted on the draft	Phase 3 refuses any view first with createEditor takes the editor, not one of its views; S4 and C3 cover it and a mutation removing the refusal fails S4	applied: Phase 3 revised
2026-10-07T16:12:13Z	panel	warning (opus, astra, sol): the nested-through-view case was labeled a control though it fails on round 3, and the owner-lookup mutation bundled two lookups without naming its spec	every case and mutation needs an honest label and its own detector	Phase 3 lists S1 to S6 as round 3 failures, C1 to C3 as cases for named mutants, and maps each of seven mutations to one case; settle ordering carries no separate proof	applied: Phase 3 revised
2026-10-07T16:12:13Z	panel	warning (opus) and nit (astra, sol): Main changes, Phase 2's deviation note and Phase 3 still stated the wider view claim, and the ledger proof cell lacked Phase 3	one wording by ancestry everywhere	Main changes, the deviation note and Phase 3 say the editor and every view created after admission from the editor or from such a view; the Acting user row's proof cell lists S1 to S6 and C1 to C3	applied: plan text
2026-10-07T16:12:13Z	writing	unslop on plan iteration 2 after round 16	the revised plan text gets its writing pass before the next panel round	docs/plans/2026-10-07-suggestions-review.md Phase 3, Main changes, Phase 2's deviation note and the ledger row checked against unslop's patterns; no change needed	applied: unslop pass
2026-10-07T16:22:53Z	panel	seats opus, codex:gpt-6-astra @xhigh, codex:gpt-6.1-sol @xhigh	plan panel round 17 on the revised plan iteration 2	reviewed tree 3c0b4ce27f90f68d51adc19cd1aa13e309d2bac9; prompt docs/plans/artifacts/2026-10-07-suggestions-review/panel/plan-round-17/prompt.md; delta docs/plans/artifacts/2026-10-07-suggestions-review/panel/plan-round-17/plan-delta.patch; draft docs/plans/artifacts/2026-10-07-suggestions-review/panel/plan-round-17/editorUser.internal.draft.ts; answers docs/plans/artifacts/2026-10-07-suggestions-review/panel/plan-round-17/opus.md, docs/plans/artifacts/2026-10-07-suggestions-review/panel/plan-round-17/astra.md and docs/plans/artifacts/2026-10-07-suggestions-review/panel/plan-round-17/sol.md	recorded: three seats answered, none missing, no critical finding, so the plan loop ends and Phase 3 goes to build
2026-10-07T16:22:53Z	panel	warning (opus, sol): S4 in initialValue failed only on its message, not on the candidate clear it names	a case must fail for its named defect	Phase 3's S4 runs the nested view attempt inside a plugin stage and requires the outer construction to finish as alice	applied: Phase 3 revised
2026-10-07T16:22:53Z	panel	warning (opus): no mutation reverted the fixed descriptor, and Phase 2's closed note claimed Phase 3's unbuilt mechanism	each fix needs its own detector, and a closed box states what its logs proved	Phase 3 adds the configurable-getter mutation against S1's redefinition assertion; Phase 2's deviation note describes the locked-on-success getter and says Phase 3 replaces it	applied: Phase 3 and Phase 2 note revised
2026-10-07T16:22:54Z	panel	nit (opus): C2 asserted only the error class, C3 mapped to no mutant, settle ignored a missing record, and the exclusion said before admission	precision in the cases and the claim	C2 also asserts the fixed userId is unchanged; C3 is the must-still-accept case for the view refusal; settling a missing record throws; the exclusion says before the first admission	applied: Phase 3 revised
2026-10-07T16:25:34Z	build	Phase 3 builds one owner record for the editor's user	plan iteration 2, after plan panel rounds 14 to 17	scope: bun test on editorUser, useCreateEditor, authored and Comments specs, and pnpm --filter platejs typecheck and test, on the working tree 2026-10-07; editorUser.internal.ts admitEditorUser and settleEditorUser, withPlite.ts admits before its try; docs/plans/artifacts/2026-10-07-suggestions-review/panel/plan-round-17/phase3-specs-on-round3-a1.log fails S1 to S6 on round 3's tree 67959b5b45 (S4 with Plate runtime is not installed) and passes C1; docs/plans/artifacts/2026-10-07-suggestions-review/panel/plan-round-17/phase3-specs-after-a1.log passes 96; docs/plans/artifacts/2026-10-07-suggestions-review/panel/plan-round-17/platejs-typecheck-a1.log 92 tasks; docs/plans/artifacts/2026-10-07-suggestions-review/panel/plan-round-17/platejs-test-a1.log 139 tasks	verified: S1 to S6 fail before and pass after; C1 to C3 pass
2026-10-07T16:25:34Z	build	each Phase 3 mechanism fails its named case when reverted	Phase 3's proof names eight mutations, one per mechanism	scope: mutate.mjs on frozen ea0b107811 with editorUser.spec.ts; docs/plans/artifacts/2026-10-07-suggestions-review/panel/plan-round-17/mutate-phase3.json; getter-configurable fails S1, no-constructing-refusal S2, no-built-refusal C1, admission-inside-try S3, setter-kept S5, record-before-getter C2, no-view-refusal S4, author-read-by-passed-editor S6; control docs/plans/artifacts/2026-10-07-suggestions-review/mutate/control-1-a4.log passes	verified: eight of eight mutants caught
2026-10-07T16:25:34Z	build	keep Phase 3	its proofs pass and every earlier identity, hook, authored, Comments and package test passes	scope: as the two rows above, 2026-10-07	verified: Phase 3 kept; a diff panel round reviews its build
2026-10-07T16:28:57Z	writing	writing passes on the Phase 3 build	product code gets deslop, then no-comments, before its diff panel	deslop on docs/plans/artifacts/2026-10-07-suggestions-review/panel/diff-iter2-round-1/phase3-delta.patch found nothing to cut; no-comments kept both changed comments (docs/plans/artifacts/2026-10-07-suggestions-review/panel/diff-iter2-round-1/no-comments-reply.md); lint fixed the spec's formatting (docs/plans/artifacts/2026-10-07-suggestions-review/panel/diff-iter2-round-1/phase3-lint-a1.log) and the four Phase 3 spec files still pass (docs/plans/artifacts/2026-10-07-suggestions-review/panel/diff-iter2-round-1/phase3-specs-after-lint-a2.log)	applied: deslop, no-comments and lint on the Phase 3 build
2026-10-07T16:29:01Z	trail	drop no-comments side finding: useCreateEditor with a supplied editor throws under StrictMode	Open work already tracks the hook's build model and StrictMode with an owner and stop	docs/plans/artifacts/2026-10-07-suggestions-review/panel/diff-iter2-round-1/no-comments-reply.md side findings; docs/plans/2026-10-07-suggestions-review.md Open work	recorded: dropped, already tracked in Open work
2026-10-07T16:51:59Z	panel	seats opus, codex:gpt-6-astra @xhigh, codex:gpt-6.1-sol @xhigh	diff panel round 1 of plan iteration 2, on the Phase 3 build	reviewed tree 64594b828bd3358e996378d4d0dd5b7c42b79deb; prompt docs/plans/artifacts/2026-10-07-suggestions-review/panel/diff-iter2-round-1/prompt.md; packet docs/plans/artifacts/2026-10-07-suggestions-review/panel/diff-iter2-round-1/packet.patch; answers docs/plans/artifacts/2026-10-07-suggestions-review/panel/diff-iter2-round-1/opus.md, docs/plans/artifacts/2026-10-07-suggestions-review/panel/diff-iter2-round-1/astra.md and docs/plans/artifacts/2026-10-07-suggestions-review/panel/diff-iter2-round-1/sol.md	recorded: three seats answered, none missing; astra and sol found nothing and opus raised no critical finding, so the diff loop ends
2026-10-07T16:51:59Z	panel	warning (opus): the whole Phase 3 record exists for a createEditor editor option that no non-test code passes	cutting the option is a public API decision the owner already holds in Open work, and round 7 reverted the hook-only cut	docs/plans/artifacts/2026-10-07-suggestions-review/panel/diff-iter2-round-1/opus.md finding 1; docs/plans/2026-10-07-suggestions-review.md Defaults row cut hook editor option and Open work	deferred: owner: zbeyens; stop: the decision on the createEditor and useCreateEditor editor option, cut or kept, is recorded in docs/plans/topics/suggestions.md Open work
2026-10-07T16:51:59Z	panel	nit (opus): settling a missing record throws from the catch, where no caller can reach it	the guard follows round 17's nit; cutting the editor option would remove the phase record and this guard together	docs/plans/artifacts/2026-10-07-suggestions-review/panel/diff-iter2-round-1/opus.md finding 4	deferred: owner: zbeyens; stop: the decision on the createEditor and useCreateEditor editor option, cut or kept, is recorded in docs/plans/topics/suggestions.md Open work
2026-10-07T16:51:59Z	panel	nit (opus): a failed record and no record admit the same way	keeping the failed record lets a failed editor's views keep reading a user until the retry; the editor option decision decides whether the phase record survives	docs/plans/artifacts/2026-10-07-suggestions-review/panel/diff-iter2-round-1/opus.md finding 5	deferred: owner: zbeyens; stop: the decision on the createEditor and useCreateEditor editor option, cut or kept, is recorded in docs/plans/topics/suggestions.md Open work
2026-10-07T16:51:59Z	panel	nit (opus): C2's refusal is the engine's TypeError, whose text differs by engine	plan round 15 kept the engine's refusal of a fixed foreign userId, and C2 asserts the error class so it holds on every engine	docs/plans/artifacts/2026-10-07-suggestions-review/panel/diff-iter2-round-1/opus.md finding 6; docs/plans/artifacts/2026-10-07-suggestions-review/panel/plan-round-15/opus.md	dismissed: settled in plan round 15; C2 asserts the class, not the text
2026-10-07T16:51:59Z	panel	nit (opus): a retry after a failed construction keeps the failed attempt's readOnly and maxLength	prepareInitialPlatePlugins sets both before the try and restore does not undo them; that code predates this run, and the retry promise here is about the user	scope: createEditor with a raw editor, readOnly true and a throwing initialValue, then a retry without readOnly, on the working tree 2026-10-07; docs/plans/artifacts/2026-10-07-suggestions-review/panel/diff-iter2-round-1/retry-readonly-probe-a2.log prints retriedReadOnly true and a fresh editor's controlReadOnly false	deferred: owner: zbeyens; stop: the decision on the createEditor and useCreateEditor editor option, cut or kept, is recorded in docs/plans/topics/suggestions.md Open work
2026-10-07T16:51:59Z	build	the plitejs test typecheck error predates this run	pnpm check runs the plitejs typecheck, and its tests partition fails on screen-reader-announcement.test.tsx line 202, a file this run never touched	scope: pnpm --filter plitejs typecheck at HEAD dc927288b2 in a detached worktree, 2026-10-07, against the working tree run; docs/plans/artifacts/2026-10-07-suggestions-review/build/plitejs-typecheck-base-a1.log and docs/plans/artifacts/2026-10-07-suggestions-review/build/plitejs-typecheck-a1.log fail with the same TS2322 aria-hidden error	verified: pre-existing at HEAD, not this change's
2026-10-07T16:56:52Z	panel	warning (opus): the author-read mutant also replaced the missing-record throw, so it failed four tests and did not isolate S6	S6 guards round 3's read of the passed editor's own userId, which a view created before admission lacks	scope: mutate.mjs on frozen 5c307484f3e80c492e06528b306a461ba43edf42 with docs/plans/artifacts/2026-10-07-suggestions-review/panel/diff-iter2-round-1/mutate-phase3-final.json, 2026-10-07; mutant author-read-by-own-property reads editor.userId and fails only S6 (docs/plans/artifacts/2026-10-07-suggestions-review/mutate/author-read-by-own-property-a1.log), and the other seven fail their cases again (docs/plans/artifacts/2026-10-07-suggestions-review/mutate/getter-configurable-a2.log, docs/plans/artifacts/2026-10-07-suggestions-review/mutate/no-view-refusal-a2.log and the rest at a2)	applied: the mutant reads editor.userId; neither missing-record throw is reachable through createEditor, so Phase 3 states they carry no proof
2026-10-07T16:56:52Z	panel	warning (opus): the editor option's JSDoc said enhance an existing editor, and the hook docs said any rebuild throws	a built editor, a view and an editor still being built throw, while one whose build threw builds again	packages/platejs/src/lib/editor/withPlite.ts and packages/platejs/src/react/editor/withPlate.ts editor JSDoc; useCreateEditor JSDoc; content/docs/api/core.mdx gains the editor option and core.cn.mdx states the refusals; content/docs/api/react-hooks.mdx; no-comments checked each claim against source (docs/plans/artifacts/2026-10-07-suggestions-review/panel/diff-iter2-round-1/no-comments-post-panel-reply.md)	applied: the JSDoc and docs state what throws, that a failed build retries, and that a StrictMode mount throws with a supplied editor
2026-10-07T16:56:52Z	panel	nit (opus): the shared thread and attempt helpers sat mid-file, and C2 hand-rolls a try	one fixture per file, declared before its users	packages/platejs/src/lib/editor/editorUser.spec.ts declares thread and attempt at the top and two earlier tests use thread; mutation control passes (docs/plans/artifacts/2026-10-07-suggestions-review/mutate/control-1-a5.log)	applied: helpers moved; C2 keeps its own try because it asserts the error class, as round 15 settled
2026-10-07T16:56:52Z	writing	writing passes on the panel fixes	the post-panel product code and docs get deslop, no-comments and unslop before the final freeze	deslop tightened the editor option JSDoc; no-comments kept both option JSDocs with a wording nit and rewrote the hook paragraph (docs/plans/artifacts/2026-10-07-suggestions-review/panel/diff-iter2-round-1/no-comments-post-panel-reply.md); unslop rewrote core.mdx's editor item; lint on the changed files (docs/plans/artifacts/2026-10-07-suggestions-review/panel/diff-iter2-round-1/post-panel-lint-a2.log)	applied: deslop, no-comments, unslop and lint on the panel fixes
2026-10-07T16:56:52Z	build	route editorUser.internal.ts through the facade instead of adding a plitejs lint exception	the bridge test lists exact plitejs importers, and the facade already re-exports plitejs/internal for Plate	scope: node --test entrypoint-dag-plugin.test.mjs and entrypoint-turbo.test.mjs on the working tree, 2026-10-07; packages/platejs/src/facade.ts re-exports getInstalledPlugin and isAuthorId; the expected list renames PlateAuthoredPlugin.ts to AuthoredPlugin.ts, drops authored.api.spec.ts and adds the construction benchmark (docs/plans/artifacts/2026-10-07-suggestions-review/build/bridge-and-turbo-tests-a1.log)	verified: 39 of 39 pass
2026-10-07T16:56:52Z	build	regenerate the platejs entrypoint Turbo config and add isAuthorId to the exact plitejs/internal export list	the new spec imports give the core, authored and ai-react test partitions new dependencies, and plitejs/internal exports isAuthorId	scope: pnpm entrypoint:turbo:check and the public import smoke on the working tree, 2026-10-07; only packages/platejs/turbo.json and tsconfig.entrypoints/authored.json changed (docs/plans/artifacts/2026-10-07-suggestions-review/build/entrypoint-generate-a1.log, docs/plans/artifacts/2026-10-07-suggestions-review/build/entrypoint-graph-a3.log, docs/plans/artifacts/2026-10-07-suggestions-review/build/import-smoke-a1.log)	verified: both pass
2026-10-07T16:56:52Z	build	add AuthoredPlugin to the schema adoption audit's reviewed extend-stage list	its .extend() stage returns Plite's authored() factory, the same reviewed shape as HistoryPlugin's $factory:history and YjsPlugin's $factory:yjs entries; the architect arena picked this shape	scope: pnpm check:core on the working tree, 2026-10-07; the source audit passes (docs/plans/artifacts/2026-10-07-suggestions-review/build/core-audits-a1.log line 153) and the run stops at the plitejs test typecheck that fails at HEAD	decided: a reviewed entry, not a baseline entry; the trail review attacks it
2026-10-07T16:56:52Z	build	repair knowledge citations of the deleted PlateAuthoredPlugin.ts and the subject file's upstream citations	a fresh checkout cannot open a deleted path or another editor's repo-relative path	scope: node tooling/scripts/knowledge/kb.mjs check on the working tree and at HEAD in a worktree, 2026-10-07; three review scopes name AuthoredPlugin.ts and the suggestions scope adds editorUser.internal.ts; the probe snapshot pins the deleted file to origin/next 002891202b; docs/plans/topics/suggestions.md cites six upstreams as owner/repo@commit:path; the four findings left besides suggestions.md line 66 fail the same at HEAD (docs/plans/artifacts/2026-10-07-suggestions-review/build/kb-base-a1.log)	partial: suggestions.md line 66 clears when the plan folds into the subject
2026-10-07T16:58:36Z	build	deviation: Phase 3's JSDoc promise and its author-read mutant changed after iteration 2 diff round 1	the approved text said any rebuild with a supplied editor throws, which a retry after a failed build contradicts, and the approved mutant did not isolate S6	scope: Phase 3 approved wording kept visible in docs/plans/2026-10-07-suggestions-review.md with a deviation note; mutate.mjs on frozen 5c307484f3e80c492e06528b306a461ba43edf42, 2026-10-07, all eight caught (docs/plans/artifacts/2026-10-07-suggestions-review/mutate/author-read-by-own-property-a1.log)	applied: deviation recorded; the Close opens with it
2026-10-07T17:05:39Z	verify	pnpm check on the final product bytes: 20 of 25 steps pass and the 5 that fail fail the same way at HEAD	a failure is pre-existing only when the same check fails the same way at HEAD in a detached worktree	scope: pnpm check on the working tree after the panel fixes, 2026-10-07 (docs/plans/artifacts/2026-10-07-suggestions-review/build/pnpm-check-a2.log); typecheck and core-audits stop at the plitejs screen-reader-announcement.test.tsx TS2322 that docs/plans/artifacts/2026-10-07-suggestions-review/build/plitejs-typecheck-base-a1.log shows at HEAD dc927288b2; test-slow fails only the yjs collaborative history case that docs/plans/artifacts/2026-10-07-suggestions-review/build/yjs-history-base-a1.log fails at HEAD; knowledge reports only the four K7 citations that docs/plans/artifacts/2026-10-07-suggestions-review/build/kb-base-a1.log reports at HEAD; www stops at api-reference:check HistoryApi, which docs/plans/artifacts/2026-10-07-suggestions-review/build/api-reference-base-a1.log fails at HEAD; the first full run (docs/plans/artifacts/2026-10-07-suggestions-review/build/pnpm-check-a1.log) found this run's turbo, export-list, bridge, schema-audit and citation failures, fixed in the build rows above	verified: no failing step names this run's files; the links those failures keep from running run on their own
2026-10-07T17:10:39Z	verify	the pnpm check links behind failures that predate this run pass on their own	a link a failing step keeps from running is covered only once it runs directly	scope: on the working tree after the panel fixes, 2026-10-07; docs/plans/artifacts/2026-10-07-suggestions-review/build/check-core-continue-a2.log runs check:core with its typecheck continuing past the HEAD plitejs error, and every later step, type contracts, leak audit, generic gates, lint and package tests, exits 0; docs/plans/artifacts/2026-10-07-suggestions-review/build/www-later-links-a4.log passes build:source, the registry check, docs parity, registry source, typegen and the integration tsc, and the app tsc fails only in apps/www/next.config.ts and next.config.test.ts, which another session's uncommitted edits hold; docs/plans/artifacts/2026-10-07-suggestions-review/build/build-www-ci-a1.log passes	verified: every link passes except the app tsc errors in another session's next.config files, under the www typecheck Defaults row
2026-10-07T17:13:50Z	verify	the final Chromium proof passes on the final product bytes	the acceptance proof reruns on bytes no pending step changes	scope: Chromium, next dev on package source in a worktree at base dc927288b2 with the 68 runtime and docs files in docs/plans/artifacts/2026-10-07-suggestions-review/proof/final-overlay-runtime-2.txt overlaid and PlateAuthoredPlugin.ts deleted, 2026-10-07 (docs/plans/artifacts/2026-10-07-suggestions-review/proof/final-browser-a1.log); the find spec, the playground's three authors with stable change IDs across two loads, bob reverting alice in the version-history demo after the user switch, and typing with no userId in editor-default, editor-full-width, code-drawing-demo, excalidraw-demo, table-nomerge-demo, markdown-to-editor-demo, ai-demo and demo pass; tabbable-demo and editable-voids-demo never mount an editor, as in the base run docs/plans/artifacts/2026-10-07-suggestions-review/proof/typing-sweep-base-a3.log, and editable-voids-demo logs the same Unknown editor element type editable-void	verified: 11 of 13 cases pass; the two that fail never reach an editor at base either and stay named limits
2026-10-07T17:15:07Z	verify	the construction benchmark on the final AuthoredPlugin stays within its frozen budget	Phase 1's budget is checked again on the shipped plugin, as a close gate, after pstack:benchmark-checklist	scope: benchmarks/editor/benchmarks/plate-authored-construction-benchmark.ts under Bun on package source in the working tree, 2026-10-07, three interleaved runs per the frozen contract, host load average 6.4 at start and 4.8 at end on 18 cores (docs/plans/artifacts/2026-10-07-suggestions-review/bench/authored-construction-a3.log); each arm asserts the authored capability and its cohort's block count; one-block p50 Plate 1.52 to 1.59 ms against native 1.41 to 1.51 ms, about 0.1 ms more in every run, ratio 1.0686 against the 1.10 times plus 0.05 ms limit; 2,000 blocks within noise; both known-bad arms exceed their limit; the limiter was not profiled again	verified: within the frozen budget; the per-editor cost is about 0.1 ms on a one-block build
2026-10-07T17:16:47Z	writing	unslop on the Close, the fold and the hook docs	plans, subject files and docs get one unslop pass after drafting	docs/plans/2026-10-07-suggestions-review.md Close, Phase 3 deviation note, Open work and gate cells; docs/plans/topics/suggestions.md lead, Public API, Main changes and Open work; content/docs/api/react-hooks.mdx; a colon connector and a dense bullet rewritten in the Close	applied: unslop pass
2026-10-07T17:22:51Z	build	/pstack:correct on the class: a new test that passes at base cannot show its named defect	plan rounds 1 and 6 and iteration 2's diff round hit it here, and passes-at-base rows recur in nine plans' logs; the AGENTS.md rules table kept it rule-only with the base runner as open work	scope: node --test tooling/scripts/proof-worktree.test.mjs fails three new cases before (docs/plans/artifacts/2026-10-07-suggestions-review/correct/expect-fail-tests-before-a1.log) and passes 16 of 16 after (docs/plans/artifacts/2026-10-07-suggestions-review/correct/expect-fail-tests-after-a2.log), 2026-10-07; the real past mistake, the hook spec's local-user case that passes at base dc927288b2 while other cases in its file fail, is refused, and a case that fails at base is accepted (docs/plans/artifacts/2026-10-07-suggestions-review/correct/past-mistake-a3.log); the verify command recipe, its generated mirror (docs/plans/artifacts/2026-10-07-suggestions-review/correct/prepare-a1.log), the AGENTS.md rules row and docs/plans/topics/correct.md describe the mode	applied: proof-worktree.mjs --expect-fail; the level is a helper, because a blocking gate would refuse refactor pins that pass at base by design, and running the helper stays rule-only; a text that an unrelated failure also prints still passes, which the subject file states
2026-10-07T17:23:01Z	writing	unslop on the correct pass's text	agent files and subject files get one unslop pass after drafting	.agents/rules/verify/references/commands.md --expect-fail bullet, the AGENTS.md rules row and docs/plans/topics/correct.md line 23; one sentence split	applied: unslop pass
2026-10-07T17:25:23Z	build	--expect-fail matches only the command's output, through proof.mjs's prove(), and its comment goes	the no-comments pass found that the log's header line holds the command, so a named text inside the command passed on any crash, and that stdout scraping could read the command's own log line	scope: node --test tooling/scripts/proof-worktree.test.mjs on the working tree, 2026-10-07; a new case whose named failure appears only in its command line fails before (docs/plans/artifacts/2026-10-07-suggestions-review/correct/header-match-before-a1.log) and 17 of 17 pass after (docs/plans/artifacts/2026-10-07-suggestions-review/correct/expect-fail-tests-after-a4.log); the past-mistake proof repeats on these bytes (docs/plans/artifacts/2026-10-07-suggestions-review/correct/past-mistake-a4.log); comment verdict in docs/plans/artifacts/2026-10-07-suggestions-review/correct/no-comments-reply.md	fixed: proof-worktree.mjs imports prove() and checks its output; superseded: the earlier correct row's 16-test scope and past-mistake-a3 log
2026-10-07T17:25:28Z	writing	writing passes on the correct pass's code	tooling code gets deslop, then no-comments, before review	deslop limited the output pipe to the new mode, then the no-comments side findings replaced the pipe with prove(); no-comments killed the one new comment, whose reason the error message already states (docs/plans/artifacts/2026-10-07-suggestions-review/correct/no-comments-reply.md); lint on both files (docs/plans/artifacts/2026-10-07-suggestions-review/correct/lint-a3.log)	applied: deslop and no-comments on proof-worktree.mjs
2026-10-07T17:25:37Z	writing	correct the lint log the correct pass's writing row cites	the row cites lint-a3, the run that failed on a redeclared name before the rename; lint-a4 is the passing run on the final bytes	docs/plans/artifacts/2026-10-07-suggestions-review/correct/lint-a3.log exit=1; docs/plans/artifacts/2026-10-07-suggestions-review/correct/lint-a4.log exit=0	superseded: the writing row's lint evidence is lint-a4
2026-10-07T17:32:31Z	trail	seats codex:gpt-6.1-sol @xhigh decision-trail review	show-me-your-work's reviewer from another model family, for a run that went through panels	frozen inputs 13b6f9e308a43dbf798e596529e6acca63dd8328; prompt docs/plans/artifacts/2026-10-07-suggestions-review/trail/prompt.md; answer docs/plans/artifacts/2026-10-07-suggestions-review/trail/review-sol.md	recorded: no critical flag; six warnings and one nit
2026-10-07T17:32:31Z	trail	warning (trail): the getter that had used its one replacement was not reverted before plan iteration 2, and no fresh best-api-review ran before the replacement or iteration 2	Phase 3 replaced the whole mechanism from its plan instead of first reverting to the code before Phase 2, and the workaround chain did not get an API review	docs/plans/artifacts/2026-10-07-suggestions-review/trail/review-sol.md first row; decision rows 15:26:37 and 15:38:47; the Open work item on the editor option, which carries the simpler cut Opus and this reviewer name	deferred: owner: zbeyens, through the editor option decision; stop: that decision, which a best-api-review of the editor-user mechanism answers, is recorded in docs/plans/topics/suggestions.md Open work
2026-10-07T17:32:31Z	trail	warning (trail): the changes after iteration 2's diff round, facade routing, the schema audit entry, the lint list and the exact-list tests, were outside any reviewed packet	a change made for another reason gets its own review	docs/plans/artifacts/2026-10-07-suggestions-review/trail/review-sol.md second row; frozen 64594b82 against 5c307484	open: patch: a panel round on that delta and the correct pass; owner: the lead, in this run
2026-10-07T17:32:31Z	trail	warning (trail): the thermo and docs coverage substitutions had no Defaults rows, and the thermo cell counted five diff rounds	a substituted gate is a call made for the owner	docs/plans/2026-10-07-suggestions-review.md Defaults rows thermo review and docs coverage, and the gate cell now says four rounds	applied: two look Defaults rows with their reversal words
2026-10-07T17:32:31Z	trail	warning (trail): the Close and the subject promised userId on every view created after admission, wider than Phase 3's ancestry claim	a later descendant of an earlier raw-editor view keeps a stale property	docs/plans/2026-10-07-suggestions-review.md Close What landed and docs/plans/topics/suggestions.md Main changes now say from the editor or from such a view	applied: the claim narrows to Phase 3's wording everywhere it appears
2026-10-07T17:32:31Z	trail	warning (trail): the two new discussion specs were said to fail at base without a base run	an inferred base failure is labeled inferred	scope: proof-worktree.mjs --expect-fail at base dc927288b2 with the working tree's discussion.spec.tsx, 2026-10-07; the file cannot load because platejs/authored exports no AuthoredPlugin at base, so the helper refuses it (docs/plans/artifacts/2026-10-07-suggestions-review/trail/discussion-base-a1.log, docs/plans/artifacts/2026-10-07-suggestions-review/trail/discussion-base-run-a1.log)	applied: the Close says their base failure is inferred
2026-10-07T17:32:31Z	trail	nit (trail): the third ask, the global CLAUDE.md repair, had no row	every ask gets a trail	docs/plans/artifacts/2026-10-07-suggestions-review/trail/CLAUDE.md.snapshot holds the rm bullet that bans removals inside inline shell strings and points to a script file; sha256 in docs/plans/artifacts/2026-10-07-suggestions-review/trail/CLAUDE.md.sha256; the reviewer found no later inline shell string with a removal	applied: the repair is recorded here
2026-10-07T17:33:25Z	trail	warning (trail): the app type errors were attributed to another session by file ownership, not by a paired run	ownership does not show causality	scope: www app tsc in a worktree at base dc927288b2 with this run's 106 package, app and docs files from docs/plans/artifacts/2026-10-07-suggestions-review/trail/app-tsc-overlay.txt and no next.config edits, after build:registry, build:source and next typegen there, 2026-10-07 (docs/plans/artifacts/2026-10-07-suggestions-review/trail/app-tsc-base-with-task-a2.log passes; the a1 run without this run's test files failed on a base test that still imports DefaultAuthoredPlugin)	verified: this run's files typecheck at base without the other session's next.config edits
2026-10-07T17:56:10Z	panel	seats opus, codex:gpt-6-astra @xhigh, codex:gpt-6.1-sol @xhigh	diff panel round 2 of plan iteration 2, on the changes after round 1 and the correct pass, which the decision-trail review asked for	reviewed tree 734105b19bf142974d9ba1ab1644c56a3f1dbf90; prompt docs/plans/artifacts/2026-10-07-suggestions-review/panel/diff-iter2-round-2/prompt.md; packet docs/plans/artifacts/2026-10-07-suggestions-review/panel/diff-iter2-round-2/packet.patch; answers docs/plans/artifacts/2026-10-07-suggestions-review/panel/diff-iter2-round-2/opus.md, docs/plans/artifacts/2026-10-07-suggestions-review/panel/diff-iter2-round-2/astra.md and docs/plans/artifacts/2026-10-07-suggestions-review/panel/diff-iter2-round-2/sol.md	recorded: three seats answered, none missing; one critical applied, so round 3 reviews the fixes
2026-10-07T17:56:10Z	panel	critical (astra; opus and sol as warnings): proof-worktree.mjs imported proof.mjs at load, so every mode needed a file the reviewed tree lacks	.agents/pstack/proof.mjs is staged by the pstack sync and absent from HEAD and from freeze 734105b1, so a commit of the helper alone would break even its no-command base mode	scope: node --test tooling/scripts/proof-worktree.test.mjs on the working tree, 2026-10-07; a copy of the helper with no proof.mjs beside it fails ERR_MODULE_NOT_FOUND in no-command mode before (docs/plans/artifacts/2026-10-07-suggestions-review/correct/round2-tests-before-a1.log) and creates its worktree after (docs/plans/artifacts/2026-10-07-suggestions-review/correct/round2-tests-after-a1.log, 19 of 19)	applied: the helper imports proof.mjs only in the command branch; the commit that lands the helper's command mode needs .agents/pstack/proof.mjs
2026-10-07T17:56:10Z	panel	warning (astra; sol and opus as nits): a prove() refusal exited 1 instead of 2	callers tell a helper error from a command that exited 1	scope: the same test run; --name ../escape exits 1 before (docs/plans/artifacts/2026-10-07-suggestions-review/correct/round2-tests-before-a1.log) and 2 with the usage line after (docs/plans/artifacts/2026-10-07-suggestions-review/correct/round2-tests-after-a1.log)	applied: a prove() or import error prints the usage line and exits 2, after the worktree is removed
2026-10-07T17:56:10Z	panel	warning (sol): --expect-fail matches only the last 16 MiB that prove() returns	a marker printed before 17 MiB of later output is missed	docs/plans/artifacts/2026-10-07-suggestions-review/panel/diff-iter2-round-2/sol.md finding 2; .agents/pstack/proof.mjs OUTPUT_TAIL_BYTES	applied: the verify recipe states the 16 MiB limit; deferred: full-log matching, owner: zbeyens; stop: a proof whose failure line falls outside the last 16 MiB, tracked in docs/plans/topics/correct.md Open work
2026-10-07T17:56:10Z	panel	warning (opus): the recipe said --expect-fail shows the named defect, and a short failure line also matches a longer case title	a case's failure line shows only that it failed; only its assertion message ties the failure to the defect	docs/plans/artifacts/2026-10-07-suggestions-review/panel/diff-iter2-round-2/opus.md finding 1; .agents/rules/verify/references/commands.md bullet and its generated mirror (docs/plans/artifacts/2026-10-07-suggestions-review/panel/diff-iter2-round-2/prepare-a2.log)	applied: the recipe says the flag refuses a test that passes at the base, names both limits and points to the assertion message
2026-10-07T17:56:10Z	panel	warning (opus): the docs promised a clean retry after a failed build, which keeps the failed attempt's readOnly and maxLength	round 1 deferred that quirk, so the docs must not promise the retry	content/docs/api/core.mdx, core.cn.mdx and the editor JSDoc in withPlite.ts and withPlate.ts drop the retry sentence; Phase 3's deviation note and the Close say why (docs/plans/artifacts/2026-10-07-suggestions-review/panel/diff-iter2-round-2/build-registry-a1.log)	applied: the docs state only what throws; the retry quirk stays in Open work under the editor option decision
2026-10-07T17:56:10Z	panel	nit (opus): the helper copies proof.mjs's 60-line output printer, and its refusal says the command failed when no command ran	two copies of one printer can drift; a refusal must name what happened	docs/plans/artifacts/2026-10-07-suggestions-review/panel/diff-iter2-round-2/opus.md finding 4; tooling/scripts/proof-worktree.mjs now exits 2 before any --expect-fail message when prove() never returned	applied: the misleading refusal; deferred: the printer copy, owner: zbeyens; stop: proof.mjs exports its output printer, tracked in docs/plans/topics/correct.md Open work
2026-10-07T17:56:11Z	writing	writing passes on round 2's fixes	each panel round's fixes get their writing passes before the next freeze	deslop on the helper and the trimmed JSDoc found nothing to cut; no-comments rewrote the lazy-import comment and kept both editor JSDocs (docs/plans/artifacts/2026-10-07-suggestions-review/panel/diff-iter2-round-2/no-comments-reply.md); unslop split a recipe sentence; lint (docs/plans/artifacts/2026-10-07-suggestions-review/panel/diff-iter2-round-2/lint-a2.log); 19 of 19 helper tests (docs/plans/artifacts/2026-10-07-suggestions-review/correct/round2-tests-after-a2.log); the past-mistake proof repeats (docs/plans/artifacts/2026-10-07-suggestions-review/correct/past-mistake-a5.log)	applied: deslop, no-comments, unslop and lint on round 2's fixes
2026-10-07T17:56:11Z	trail	dismiss the no-comments pass's side findings on round 2	a missing proof.mjs with a command is a helper error, so exit 2 with the usage line is the helper-error contract; built and created name the same phases, and the plugins JSDoc predates this run	docs/plans/artifacts/2026-10-07-suggestions-review/panel/diff-iter2-round-2/no-comments-reply.md side findings	dismissed: exit 2 is the documented helper-error status; the wording nits change no behavior
2026-10-07T18:09:26Z	panel	seats opus, codex:gpt-6-astra @xhigh, codex:gpt-6.1-sol @xhigh	diff panel round 3 of plan iteration 2, on round 2's fixes	reviewed tree b3482a2034af62a585e275ada6067ad244a809d8; prompt docs/plans/artifacts/2026-10-07-suggestions-review/panel/diff-iter2-round-3/prompt.md; packet docs/plans/artifacts/2026-10-07-suggestions-review/panel/diff-iter2-round-3/packet.patch; answers docs/plans/artifacts/2026-10-07-suggestions-review/panel/diff-iter2-round-3/opus.md, docs/plans/artifacts/2026-10-07-suggestions-review/panel/diff-iter2-round-3/astra.md and docs/plans/artifacts/2026-10-07-suggestions-review/panel/diff-iter2-round-3/sol.md	recorded: three seats answered, none missing; no critical finding, so the diff loop ends
2026-10-07T18:09:26Z	panel	warning (astra, sol, opus): under --expect-fail a command that cannot start exited 1 with the command-failed refusal	prove() returns a non-numeric exit such as ENOENT without throwing, and the recipe promised 2	scope: node --test tooling/scripts/proof-worktree.test.mjs on the working tree, 2026-10-07; a missing executable with --expect-fail exits 1 before (docs/plans/artifacts/2026-10-07-suggestions-review/correct/round3-tests-before-a1.log) and 2 with did not run to an exit status after (docs/plans/artifacts/2026-10-07-suggestions-review/correct/round3-tests-after-a1.log, 21 of 21)	applied: a non-numeric exit under --expect-fail exits 2; without the flag the status still passes through
2026-10-07T18:09:26Z	panel	warning (opus): proof.mjs loaded only after the worktree and any install existed	a checkout without proof.mjs paid for a worktree and an install before failing	scope: the same test runs; a helper copy with no proof.mjs given a command prints its worktree line before (docs/plans/artifacts/2026-10-07-suggestions-review/correct/round3-tests-before-a1.log) and refuses before creating one after (docs/plans/artifacts/2026-10-07-suggestions-review/correct/round3-tests-after-a1.log)	applied: proof.mjs loads right after argument parsing, only when a command follows
2026-10-07T18:09:26Z	panel	warning (opus): the recipe recommended an assertion message, which on bun is a matcher line every failing case shares	a matcher line would accept the passes-at-base case this helper exists to refuse	docs/plans/artifacts/2026-10-07-suggestions-review/panel/diff-iter2-round-3/opus.md finding 1; .agents/rules/verify/references/commands.md and its generated mirror (docs/plans/artifacts/2026-10-07-suggestions-review/panel/diff-iter2-round-3/prepare-a1.log)	applied: the recipe says to pass the case's failure line, never a matcher line, that each text matches anywhere in the output, and to read the log for the defect
2026-10-07T18:09:26Z	panel	warning (opus): round 2's narrowed claim stopped at the recipe	a narrowed claim is fixed everywhere it is stated	AGENTS.md rules row, docs/plans/topics/correct.md line 23 and the Close's correct bullet now say the flag refuses a run whose output lacks the case's failure line, with the longer-title limit	applied: one claim in all four places
2026-10-07T18:09:26Z	panel	warning (opus): the exit-2 claim covered only proof.mjs refusals, while setup refusals exit 1	a caller must read stderr to tell setup refusals from a test that passes	docs/plans/artifacts/2026-10-07-suggestions-review/panel/diff-iter2-round-3/opus.md finding 3; the recipe's --expect-fail and command-mode bullets list which errors exit 1 and which exit 2	applied: the recipe states the split
2026-10-07T18:09:26Z	panel	warning (opus): the requirement to commit proof.mjs with the helper lived only in a decision row	the owner commits from the page, and a partial commit turns pnpm check red	docs/plans/2026-10-07-suggestions-review.md Close Delivery bullet	applied: the Close names proof.mjs and mutate.mjs as co-commits
2026-10-07T18:09:26Z	panel	nit (opus): the exit-2 test asserted proof.mjs's wording, and the refusal said log where the helper searches output	a test pins this repository's contract, not a synced file's text	tooling/scripts/proof-worktree.test.mjs asserts the helper's usage line and that the worktree is gone; the refusal says output (docs/plans/artifacts/2026-10-07-suggestions-review/correct/round3-tests-after-a1.log)	applied: both nits
2026-10-07T18:09:26Z	writing	writing passes on round 3's fixes	each panel round's fixes get their writing passes	deslop on the helper diff found nothing to cut; no-comments cut the lazy-import comment to its reason (docs/plans/artifacts/2026-10-07-suggestions-review/panel/diff-iter2-round-3/no-comments-reply.md); unslop rewrote the Close's correct bullet and split a correct.md sentence; lint (docs/plans/artifacts/2026-10-07-suggestions-review/panel/diff-iter2-round-3/lint-a1.log); 21 of 21 helper tests (docs/plans/artifacts/2026-10-07-suggestions-review/correct/round3-tests-after-a2.log); past-mistake proof repeats (docs/plans/artifacts/2026-10-07-suggestions-review/correct/past-mistake-a6.log)	applied: deslop, no-comments, unslop and lint on round 3's fixes
2026-10-07T18:09:26Z	trail	record the no-comments pass's side finding that the lazy import guards only a delivery mistake	round 2 applied a critical finding that chose the lazy import, and the Close's Delivery bullet asks for proof.mjs in the same commit	docs/plans/artifacts/2026-10-07-suggestions-review/panel/diff-iter2-round-3/no-comments-reply.md side findings	recorded: kept; once proof.mjs is committed, a static import is the owner's simplification
2026-10-07T18:09:44Z	trail	close the trail warning that the changes after diff round 1 had no code review	diff rounds 2 and 3 of iteration 2 reviewed them with the correct pass	scope: frozen 734105b1 and b3482a20 against 64594b82, 2026-10-07; answers in docs/plans/artifacts/2026-10-07-suggestions-review/panel/diff-iter2-round-2/ and docs/plans/artifacts/2026-10-07-suggestions-review/panel/diff-iter2-round-3/; round 2's critical applied and round 3 raised none	verified: reviewed in two rounds; supersedes the open row on that warning
2026-10-07T18:10:53Z	trail	the round 2 trail seat codex:gpt-6.1-sol @xhigh failed twice, so a same-family Opus seat reviews round 2	the Codex login now refuses gpt-6.1-sol for a ChatGPT account, the rules allow two informed attempts, and only a failed seat falls back to the session's model	docs/plans/artifacts/2026-10-07-suggestions-review/trail/round-2/review-sol.err and docs/plans/artifacts/2026-10-07-suggestions-review/trail/round-2/review-sol-a2.err hold the 400 error: the gpt-6.1-sol model is not supported when using Codex with a ChatGPT account; docs/plans/artifacts/2026-10-07-suggestions-review/trail/round-2/review-opus.md	blocked: the cross-family seat; open: owner: zbeyens, who restores Codex access to gpt-6.1-sol; stop: a cross.mjs gpt-6.1-sol call answers
2026-10-07T18:23:10Z	trail	warning (trail round 2): the discussion specs' failure before the fix rested on inference	a real pre-fix tree exists, the post-Phase-1 freeze, where AuthoredPlugin loads and Phase 2's editor user does not	scope: proof-worktree.mjs --expect-fail on freeze 418e4efb81 with the final discussion.spec.tsx, both case failure lines expected, 2026-10-07 (docs/plans/artifacts/2026-10-07-suggestions-review/trail/round-2/discussion-phase1-a1.log accepts; docs/plans/artifacts/2026-10-07-suggestions-review/trail/round-2/discussion-phase1-run-a1.log fails toEqual and toHaveLength in the two cases)	verified: both specs fail before Phase 2 for their own assertions; the Phase 2 box carries a deviation note and the Close says so
2026-10-07T18:24:22Z	trail	warning (trail round 2): the correct pass called a case designed to pass at base a real past mistake	the plan made the local-user case a must-pass control whose defect a mutation shows, and a past-mistake proof needs a test that wrongly passed at base	scope: docs/plans/artifacts/2026-10-07-suggestions-review/correct/past-mistake-2.sh at base dc927288b2, 2026-10-07; it refuses the designed must-pass case and accepts a sibling that fails at base, exiting 0 only when both hold (docs/plans/artifacts/2026-10-07-suggestions-review/correct/designed-pass-a1.log); no committed test in this run wrongly passed at base, because panels caught each instance as a plan claim	partial: the past-mistake proof; superseded: row 17:22:51's real-past-mistake wording; the recipe now sends designed passes to mutate.mjs and the Close states the limit
2026-10-07T18:24:22Z	trail	warning (trail round 2): the count of plans with passes-at-base rows named no check and mixed in correct proofs	a count names the check that could falsify it or says it is inferred	the search at transcript line 11889 also matched fails at base; the narrower search returned 8 rows across the logs, and several are deliberate designs	superseded: row 17:22:51's nine-plans count is inferred and overstated; the class rests on this run's three panel findings
2026-10-07T18:24:22Z	trail	warning (trail round 2): the Delivery bullet hid that committing the helper, its test, AGENTS.md and correct.md also commits another session's work	the owner commits from the page	docs/plans/2026-10-07-suggestions-review.md Close Delivery bullet names the four shared files and what the other session's work in them is	applied: Delivery names the shared files
2026-10-07T18:24:22Z	trail	nits (trail round 2): packet headers, a demonstration script that always exited 0, an AGENTS.md row that restated the recipe, and a row whose premise said the lazy import guards only a delivery mistake	a log should check its own verdict, and a rules row names the rule and its enforcer	docs/plans/artifacts/2026-10-07-suggestions-review/correct/past-mistake-2.sh exits 1 unless both cases hold (docs/plans/artifacts/2026-10-07-suggestions-review/correct/designed-pass-a1.log); the AGENTS.md row now points to the verify command recipes; the helper before this run already loaded proof.mjs only for a command, so round 2's critical was a regression this run caused and the lazy import restores it	applied: script, row and premise; dismissed: the packet headers, whose content the reviewer checked as exact
2026-10-07T18:24:22Z	trail	seats opus (same-family fallback) decision-trail review round 2	the cross-family seat failed twice on Codex account access	frozen inputs d9734d5b11f93d9ac906ade88478d785748bacd3; prompt docs/plans/artifacts/2026-10-07-suggestions-review/trail/round-2/prompt.md; answer docs/plans/artifacts/2026-10-07-suggestions-review/trail/round-2/review-opus.md	recorded: one critical, four warnings and four nits; labeled same-family in the Close
2026-10-07T18:37:52Z	delivery	close the plan: Status executed, fold, ledger check and publish	the Build playbook folds the delta and republishes before its Status says executed	scope: docs/plans/topics/suggestions.md folded (docs/plans/artifacts/2026-10-07-suggestions-review/fold/suggestions.before-fold.md is the copy before); plan-page.mjs --folded --check exit 0; plan-open.mjs passes (docs/plans/artifacts/2026-10-07-suggestions-review/fold/plan-open-a1.out); review-ledger.mjs check ok (docs/plans/artifacts/2026-10-07-suggestions-review/fold/ledger-check-a1.out); subject page https://claude.ai/artifact/1QnTKkb8W4jSNFNjimgJEs version 6, 2026-10-07	verified: closed and published; the next iteration leads the page
2026-10-07T19:33:35Z	trail	seats codex:gpt-6.1-sol @xhigh decision-trail review round 2, rerun after the owner restored Codex access	the cross-family seat replaces the same-family fallback once it answers	frozen inputs d9734d5b11f93d9ac906ade88478d785748bacd3; prompt docs/plans/artifacts/2026-10-07-suggestions-review/trail/round-2/prompt.md; answer docs/plans/artifacts/2026-10-07-suggestions-review/trail/round-2/review-sol-a3.md	recorded: one critical, two warnings and one nit, the same flags the same-family round raised; the rows after the freeze handle each: the best-api-review ran and its Pursue continues in docs/plans/2026-10-07-suggestions-editor-input.md, the correct claim is partial, the discussion specs fail on freeze 418e4efb, and past-mistake-2.sh checks its verdict
2026-10-07T19:33:45Z	trail	close the blocked cross-family seat row	the owner wrote: "gpt is solved"	scope: one ping each to codex:gpt-6.1-sol and codex:gpt-6-astra through cross.mjs, 2026-10-07, both answered; docs/plans/artifacts/2026-10-07-suggestions-review/trail/round-2/review-sol-a3.md answered	verified: Codex access restored
